Date,ice(0/1),wy_doy
9/14/13,0,349
9/15/13,0,350
9/16/13,0,351
9/17/13,0,352
9/18/13,0,353
9/19/13,0,354
9/20/13,0,355
9/21/13,0,356
9/22/13,0,357
9/23/13,0,358
9/24/13,0,359
9/25/13,0,360
9/26/13,0,361
9/27/13,0,362
9/28/13,0,363
9/29/13,0,364
9/30/13,0,365
10/1/13,0,1
10/2/13,0,2
10/3/13,0,3
10/4/13,0,4
10/5/13,0,5
10/6/13,0,6
10/7/13,0,7
10/8/13,0,8
10/9/13,0,9
10/10/13,0,10
10/11/13,0,11
10/12/13,0,12
10/13/13,0,13
10/14/13,0,14
10/15/13,0,15
10/16/13,0,16
10/17/13,0,17
10/18/13,0,18
10/19/13,0,19
10/20/13,0,20
10/21/13,0,21
10/22/13,1,22
10/23/13,1,23
10/24/13,1,24
10/25/13,1,25
10/26/13,1,26
10/27/13,1,27
10/28/13,1,28
10/29/13,1,29
10/30/13,1,30
10/31/13,1,31
11/1/13,1,32
11/2/13,1,33
11/3/13,1,34
11/4/13,1,35
11/5/13,1,36
11/6/13,1,37
11/7/13,1,38
11/8/13,1,39
11/9/13,1,40
11/10/13,1,41
11/11/13,1,42
11/12/13,1,43
11/13/13,1,44
11/14/13,1,45
11/15/13,1,46
11/16/13,1,47
11/17/13,1,48
11/18/13,1,49
11/19/13,1,50
11/20/13,1,51
11/21/13,1,52
11/22/13,1,53
11/23/13,1,54
11/24/13,1,55
11/25/13,1,56
11/26/13,1,57
11/27/13,1,58
11/28/13,1,59
11/29/13,1,60
11/30/13,1,61
12/1/13,1,62
12/2/13,1,63
12/3/13,1,64
12/4/13,1,65
12/5/13,1,66
12/6/13,1,67
12/7/13,1,68
12/8/13,1,69
12/9/13,1,70
12/10/13,1,71
12/11/13,1,72
12/12/13,1,73
12/13/13,1,74
12/14/13,1,75
12/15/13,1,76
12/16/13,1,77
12/17/13,1,78
12/18/13,1,79
12/19/13,1,80
12/20/13,1,81
12/21/13,1,82
12/22/13,1,83
12/23/13,1,84
12/24/13,1,85
12/25/13,1,86
12/26/13,1,87
12/27/13,1,88
12/28/13,1,89
12/29/13,1,90
12/30/13,1,91
12/31/13,1,92
1/1/14,1,93
1/2/14,1,94
1/3/14,1,95
1/4/14,1,96
1/5/14,1,97
1/6/14,1,98
1/7/14,1,99
1/8/14,1,100
1/9/14,1,101
1/10/14,1,102
1/11/14,1,103
1/12/14,1,104
1/13/14,1,105
1/14/14,1,106
1/15/14,1,107
1/16/14,1,108
1/17/14,1,109
1/18/14,1,110
1/19/14,1,111
1/20/14,1,112
1/21/14,1,113
1/22/14,1,114
1/23/14,1,115
1/24/14,1,116
1/25/14,1,117
1/26/14,1,118
1/27/14,1,119
1/28/14,1,120
1/29/14,1,121
1/30/14,1,122
1/31/14,1,123
2/1/14,1,124
2/2/14,1,125
2/3/14,1,126
2/4/14,1,127
2/5/14,1,128
2/6/14,1,129
2/7/14,1,130
2/8/14,1,131
2/9/14,1,132
2/10/14,1,133
2/11/14,1,134
2/12/14,1,135
2/13/14,1,136
2/14/14,1,137
2/15/14,1,138
2/16/14,1,139
2/17/14,1,140
2/18/14,1,141
2/19/14,1,142
2/20/14,1,143
2/21/14,1,144
2/22/14,1,145
2/23/14,1,146
2/24/14,1,147
2/25/14,1,148
2/26/14,1,149
2/27/14,1,150
2/28/14,1,151
3/1/14,1,152
3/2/14,1,153
3/3/14,1,154
3/4/14,1,155
3/5/14,1,156
3/6/14,1,157
3/7/14,1,158
3/8/14,1,159
3/9/14,1,160
3/10/14,1,161
3/11/14,1,162
3/12/14,1,163
3/13/14,1,164
3/14/14,1,165
3/15/14,1,166
3/16/14,1,167
3/17/14,1,168
3/18/14,1,169
3/19/14,1,170
3/20/14,1,171
3/21/14,1,172
3/22/14,1,173
3/23/14,1,174
3/24/14,1,175
3/25/14,1,176
3/26/14,1,177
3/27/14,1,178
3/28/14,1,179
3/29/14,1,180
3/30/14,1,181
3/31/14,1,182
4/1/14,1,183
4/2/14,1,184
4/3/14,1,185
4/4/14,1,186
4/5/14,1,187
4/6/14,1,188
4/7/14,1,189
4/8/14,1,190
4/9/14,1,191
4/10/14,1,192
4/11/14,1,193
4/12/14,1,194
4/13/14,1,195
4/14/14,1,196
4/15/14,1,197
4/16/14,1,198
4/17/14,1,199
4/18/14,1,200
4/19/14,1,201
4/20/14,1,202
4/21/14,1,203
4/22/14,1,204
4/23/14,1,205
4/24/14,1,206
4/25/14,1,207
4/26/14,1,208
4/27/14,1,209
4/28/14,1,210
4/29/14,1,211
4/30/14,1,212
5/1/14,1,213
5/2/14,1,214
5/3/14,1,215
5/4/14,1,216
5/5/14,1,217
5/6/14,1,218
5/7/14,1,219
5/8/14,1,220
5/9/14,1,221
5/10/14,1,222
5/11/14,1,223
5/12/14,1,224
5/13/14,1,225
5/14/14,1,226
5/15/14,1,227
5/16/14,1,228
5/17/14,1,229
5/18/14,1,230
5/19/14,1,231
5/20/14,1,232
5/21/14,1,233
5/22/14,1,234
5/23/14,1,235
5/24/14,1,236
5/25/14,1,237
5/26/14,1,238
5/27/14,1,239
5/28/14,1,240
5/29/14,1,241
5/30/14,1,242
5/31/14,1,243
6/1/14,1,244
6/2/14,1,245
6/3/14,1,246
6/4/14,1,247
6/5/14,0,248
6/6/14,0,249
6/7/14,0,250
6/8/14,0,251
6/9/14,0,252
6/10/14,0,253
6/11/14,0,254
6/12/14,0,255
6/13/14,0,256
6/14/14,0,257
6/15/14,0,258
6/16/14,0,259
6/17/14,0,260
6/18/14,0,261
6/19/14,0,262
6/20/14,0,263
6/21/14,0,264
6/22/14,0,265
6/23/14,0,266
6/24/14,0,267
6/25/14,0,268
6/26/14,0,269
6/27/14,0,270
6/28/14,0,271
6/29/14,0,272
6/30/14,0,273
7/1/14,0,274
7/2/14,0,275
7/3/14,0,276
7/4/14,0,277
7/5/14,0,278
7/6/14,0,279
7/7/14,0,280
7/8/14,0,281
7/9/14,0,282
7/10/14,0,283
7/11/14,0,284
7/12/14,0,285
7/13/14,0,286
7/14/14,0,287
7/15/14,0,288
7/16/14,0,289
7/17/14,0,290
7/18/14,0,291
7/19/14,0,292
7/20/14,0,293
7/21/14,0,294
7/22/14,0,295
7/23/14,0,296
7/24/14,0,297
7/25/14,0,298
7/26/14,0,299
7/27/14,0,300
7/28/14,0,301
7/29/14,0,302
7/30/14,0,303
7/31/14,0,304
8/1/14,0,305
8/2/14,0,306
8/3/14,0,307
8/4/14,0,308
8/5/14,0,309
8/6/14,0,310
8/7/14,0,311
8/8/14,0,312
8/9/14,0,313
8/10/14,0,314
8/11/14,0,315
8/12/14,0,316
8/13/14,0,317
8/14/14,0,318
8/15/14,0,319
8/16/14,0,320
8/17/14,0,321
8/18/14,0,322
8/19/14,0,323
8/20/14,0,324
8/21/14,0,325
8/22/14,0,326
8/23/14,0,327
8/24/14,0,328
8/25/14,0,329
8/26/14,0,330
8/27/14,0,331
8/28/14,0,332
8/29/14,0,333
8/30/14,0,334
8/31/14,0,335
9/1/14,0,336
9/2/14,0,337
9/3/14,0,338
9/4/14,0,339
9/5/14,0,340
9/6/14,0,341
9/7/14,0,342
9/8/14,0,343
9/9/14,0,344
9/10/14,0,345
9/11/14,0,346
9/12/14,0,347
9/13/14,0,348
9/14/14,0,349
9/15/14,0,350
9/16/14,0,351
9/17/14,0,352
9/18/14,0,353
9/19/14,0,354
9/20/14,0,355
9/21/14,0,356
9/22/14,0,357
9/23/14,0,358
9/24/14,0,359
9/25/14,0,360
9/26/14,0,361
9/27/14,0,362
9/28/14,0,363
9/29/14,0,364
9/30/14,0,365
10/1/14,0,1
10/2/14,0,2
10/3/14,0,3
10/4/14,0,4
10/5/14,0,5
10/6/14,0,6
10/7/14,0,7
10/8/14,0,8
10/9/14,0,9
10/10/14,0,10
10/11/14,0,11
10/12/14,0,12
10/13/14,0,13
10/14/14,0,14
10/15/14,0,15
10/16/14,0,16
10/17/14,0,17
10/18/14,0,18
10/19/14,0,19
10/20/14,0,20
10/21/14,0,21
10/22/14,0,22
10/23/14,0,23
10/24/14,0,24
10/25/14,0,25
10/26/14,0,26
10/27/14,0,27
10/28/14,0,28
10/29/14,0,29
10/30/14,0,30
10/31/14,0,31
11/1/14,0,32
11/2/14,0,33
11/3/14,0,34
11/4/14,0,35
11/5/14,0,36
11/6/14,0,37
11/7/14,0,38
11/8/14,0,39
11/9/14,0,40
11/10/14,0,41
11/11/14,0,42
11/12/14,0,43
11/13/14,0,44
11/14/14,0,45
11/15/14,0,46
11/16/14,0,47
11/17/14,0,48
11/18/14,1,49
11/19/14,1,50
11/20/14,1,51
11/21/14,1,52
11/22/14,1,53
11/23/14,1,54
11/24/14,1,55
11/25/14,1,56
11/26/14,1,57
11/27/14,1,58
11/28/14,1,59
11/29/14,1,60
11/30/14,1,61
12/1/14,1,62
12/2/14,1,63
12/3/14,1,64
12/4/14,1,65
12/5/14,1,66
12/6/14,1,67
12/7/14,1,68
12/8/14,1,69
12/9/14,1,70
12/10/14,1,71
12/11/14,1,72
12/12/14,1,73
12/13/14,1,74
12/14/14,1,75
12/15/14,1,76
12/16/14,1,77
12/17/14,1,78
12/18/14,1,79
12/19/14,1,80
12/20/14,1,81
12/21/14,1,82
12/22/14,1,83
12/23/14,1,84
12/24/14,1,85
12/25/14,1,86
12/26/14,1,87
12/27/14,1,88
12/28/14,1,89
12/29/14,1,90
12/30/14,1,91
12/31/14,1,92
1/1/15,1,93
1/2/15,1,94
1/3/15,1,95
1/4/15,1,96
1/5/15,1,97
1/6/15,1,98
1/7/15,1,99
1/8/15,1,100
1/9/15,1,101
1/10/15,1,102
1/11/15,1,103
1/12/15,1,104
1/13/15,1,105
1/14/15,1,106
1/15/15,1,107
1/16/15,1,108
1/17/15,1,109
1/18/15,1,110
1/19/15,1,111
1/20/15,1,112
1/21/15,1,113
1/22/15,1,114
1/23/15,1,115
1/24/15,1,116
1/25/15,1,117
1/26/15,1,118
1/27/15,1,119
1/28/15,1,120
1/29/15,1,121
1/30/15,1,122
1/31/15,1,123
2/1/15,1,124
2/2/15,1,125
2/3/15,1,126
2/4/15,1,127
2/5/15,1,128
2/6/15,1,129
2/7/15,1,130
2/8/15,1,131
2/9/15,1,132
2/10/15,1,133
2/11/15,1,134
2/12/15,1,135
2/13/15,1,136
2/14/15,1,137
2/15/15,1,138
2/16/15,1,139
2/17/15,1,140
2/18/15,1,141
2/19/15,1,142
2/20/15,1,143
2/21/15,1,144
2/22/15,1,145
2/23/15,1,146
2/24/15,1,147
2/25/15,1,148
2/26/15,1,149
2/27/15,1,150
2/28/15,1,151
3/1/15,1,152
3/2/15,1,153
3/3/15,1,154
3/4/15,1,155
3/5/15,1,156
3/6/15,1,157
3/7/15,1,158
3/8/15,1,159
3/9/15,1,160
3/10/15,1,161
3/11/15,1,162
3/12/15,1,163
3/13/15,1,164
3/14/15,1,165
3/15/15,1,166
3/16/15,1,167
3/17/15,1,168
3/18/15,1,169
3/19/15,1,170
3/20/15,1,171
3/21/15,1,172
3/22/15,1,173
3/23/15,1,174
3/24/15,1,175
3/25/15,1,176
3/26/15,1,177
3/27/15,1,178
3/28/15,1,179
3/29/15,1,180
3/30/15,1,181
3/31/15,1,182
4/1/15,1,183
4/2/15,1,184
4/3/15,1,185
4/4/15,1,186
4/5/15,1,187
4/6/15,1,188
4/7/15,1,189
4/8/15,1,190
4/9/15,1,191
4/10/15,1,192
4/11/15,1,193
4/12/15,1,194
4/13/15,1,195
4/14/15,1,196
4/15/15,1,197
4/16/15,1,198
4/17/15,1,199
4/18/15,1,200
4/19/15,1,201
4/20/15,1,202
4/21/15,1,203
4/22/15,1,204
4/23/15,1,205
4/24/15,1,206
4/25/15,1,207
4/26/15,1,208
4/27/15,1,209
4/28/15,1,210
4/29/15,1,211
4/30/15,1,212
5/1/15,1,213
5/2/15,1,214
5/3/15,1,215
5/4/15,1,216
5/5/15,1,217
5/6/15,1,218
5/7/15,1,219
5/8/15,1,220
5/9/15,1,221
5/10/15,1,222
5/11/15,1,223
5/12/15,1,224
5/13/15,1,225
5/14/15,1,226
5/15/15,1,227
5/16/15,1,228
5/17/15,1,229
5/18/15,1,230
5/19/15,1,231
5/20/15,1,232
5/21/15,1,233
5/22/15,1,234
5/23/15,1,235
5/24/15,1,236
5/25/15,1,237
5/26/15,1,238
5/27/15,0,239
5/28/15,0,240
5/29/15,0,241
5/30/15,0,242
5/31/15,0,243
6/1/15,0,244
6/2/15,0,245
6/3/15,0,246
6/4/15,0,247
6/5/15,0,248
6/6/15,0,249
6/7/15,0,250
6/8/15,0,251
6/9/15,0,252
6/10/15,0,253
6/11/15,0,254
6/12/15,0,255
6/13/15,0,256
6/14/15,0,257
6/15/15,0,258
6/16/15,0,259
6/17/15,0,260
6/18/15,0,261
6/19/15,0,262
6/20/15,0,263
6/21/15,0,264
6/22/15,0,265
6/23/15,0,266
6/24/15,0,267
6/25/15,0,268
6/26/15,0,269
6/27/15,0,270
6/28/15,0,271
6/29/15,0,272
6/30/15,0,273
7/1/15,0,274
7/2/15,0,275
7/3/15,0,276
7/4/15,0,277
7/5/15,0,278
7/6/15,0,279
7/7/15,0,280
7/8/15,0,281
7/9/15,0,282
7/10/15,0,283
7/11/15,0,284
7/12/15,0,285
7/13/15,0,286
7/14/15,0,287
7/15/15,0,288
7/16/15,0,289
7/17/15,0,290
7/18/15,0,291
7/19/15,0,292
7/20/15,0,293
7/21/15,0,294
7/22/15,0,295
7/23/15,0,296
7/24/15,0,297
7/25/15,0,298
7/26/15,0,299
7/27/15,0,300
7/28/15,0,301
7/29/15,0,302
7/30/15,0,303
7/31/15,0,304
8/1/15,0,305
8/2/15,0,306
8/3/15,0,307
8/4/15,0,308
8/5/15,0,309
8/6/15,0,310
8/7/15,0,311
8/8/15,0,312
8/9/15,0,313
8/10/15,0,314
8/11/15,0,315
8/12/15,0,316
8/13/15,0,317
8/14/15,0,318
8/15/15,0,319
8/16/15,0,320
8/17/15,0,321
8/18/15,0,322
8/19/15,0,323
8/20/15,0,324
8/21/15,0,325
8/22/15,0,326
8/23/15,0,327
8/24/15,0,328
8/25/15,0,329
8/26/15,0,330
8/27/15,0,331
8/28/15,0,332
8/29/15,0,333
8/30/15,0,334
8/31/15,0,335
9/1/15,0,336
9/2/15,0,337
9/3/15,0,338
9/4/15,0,339
9/5/15,0,340
9/6/15,0,341
9/7/15,0,342
9/8/15,0,343
9/9/15,0,344
9/10/15,0,345
9/11/15,0,346
9/12/15,0,347
9/13/15,0,348
9/14/15,0,349
9/15/15,0,350
9/16/15,0,351
9/17/15,0,352
9/18/15,0,353
9/19/15,0,354
9/20/15,0,355
9/21/15,0,356
9/22/15,0,357
9/23/15,0,358
9/24/15,0,359
9/25/15,0,360
9/26/15,0,361
9/27/15,0,362
9/28/15,0,363
9/29/15,0,364
9/30/15,0,365
10/1/15,0,1
10/2/15,0,2
10/3/15,0,3
10/4/15,0,4
10/5/15,0,5
10/6/15,0,6
10/7/15,0,7
10/8/15,0,8
10/9/15,0,9
10/10/15,0,10
10/11/15,0,11
10/12/15,0,12
10/13/15,0,13
10/14/15,0,14
10/15/15,0,15
10/16/15,0,16
10/17/15,0,17
10/18/15,0,18
10/19/15,0,19
10/20/15,0,20
10/21/15,0,21
10/22/15,0,22
10/23/15,0,23
10/24/15,0,24
10/25/15,0,25
10/26/15,0,26
10/27/15,0,27
10/28/15,0,28
10/29/15,0,29
10/30/15,0,30
10/31/15,0,31
11/1/15,0,32
11/2/15,0,33
11/3/15,0,34
11/4/15,0,35
11/5/15,0,36
11/6/15,0,37
11/7/15,0,38
11/8/15,0,39
11/9/15,0,40
11/10/15,0,41
11/11/15,0,42
11/12/15,0,43
11/13/15,0,44
11/14/15,0,45
11/15/15,1,46
11/16/15,1,47
11/17/15,1,48
11/18/15,1,49
11/19/15,1,50
11/20/15,1,51
11/21/15,1,52
11/22/15,1,53
11/23/15,1,54
11/24/15,1,55
11/25/15,1,56
11/26/15,1,57
11/27/15,1,58
11/28/15,1,59
11/29/15,1,60
11/30/15,1,61
12/1/15,1,62
12/2/15,1,63
12/3/15,1,64
12/4/15,1,65
12/5/15,1,66
12/6/15,1,67
12/7/15,1,68
12/8/15,1,69
12/9/15,1,70
12/10/15,1,71
12/11/15,1,72
12/12/15,1,73
12/13/15,1,74
12/14/15,1,75
12/15/15,1,76
12/16/15,1,77
12/17/15,1,78
12/18/15,1,79
12/19/15,1,80
12/20/15,1,81
12/21/15,1,82
12/22/15,1,83
12/23/15,1,84
12/24/15,1,85
12/25/15,1,86
12/26/15,1,87
12/27/15,1,88
12/28/15,1,89
12/29/15,1,90
12/30/15,1,91
12/31/15,1,92
1/1/16,1,93
1/2/16,1,94
1/3/16,1,95
1/4/16,1,96
1/5/16,1,97
1/6/16,1,98
1/7/16,1,99
1/8/16,1,100
1/9/16,1,101
1/10/16,1,102
1/11/16,1,103
1/12/16,1,104
1/13/16,1,105
1/14/16,1,106
1/15/16,1,107
1/16/16,1,108
1/17/16,1,109
1/18/16,1,110
1/19/16,1,111
1/20/16,1,112
1/21/16,1,113
1/22/16,1,114
1/23/16,1,115
1/24/16,1,116
1/25/16,1,117
1/26/16,1,118
1/27/16,1,119
1/28/16,1,120
1/29/16,1,121
1/30/16,1,122
1/31/16,1,123
2/1/16,1,124
2/2/16,1,125
2/3/16,1,126
2/4/16,1,127
2/5/16,1,128
2/6/16,1,129
2/7/16,1,130
2/8/16,1,131
2/9/16,1,132
2/10/16,1,133
2/11/16,1,134
2/12/16,1,135
2/13/16,1,136
2/14/16,1,137
2/15/16,1,138
2/16/16,1,139
2/17/16,1,140
2/18/16,1,141
2/19/16,1,142
2/20/16,1,143
2/21/16,1,144
2/22/16,1,145
2/23/16,1,146
2/24/16,1,147
2/25/16,1,148
2/26/16,1,149
2/27/16,1,150
2/28/16,1,151
2/29/16,1,152
3/1/16,1,153
3/2/16,1,154
3/3/16,1,155
3/4/16,1,156
3/5/16,1,157
3/6/16,1,158
3/7/16,1,159
3/8/16,1,160
3/9/16,1,161
3/10/16,1,162
3/11/16,1,163
3/12/16,1,164
3/13/16,1,165
3/14/16,1,166
3/15/16,1,167
3/16/16,1,168
3/17/16,1,169
3/18/16,1,170
3/19/16,1,171
3/20/16,1,172
3/21/16,1,173
3/22/16,1,174
3/23/16,1,175
3/24/16,1,176
3/25/16,1,177
3/26/16,1,178
3/27/16,1,179
3/28/16,1,180
3/29/16,1,181
3/30/16,1,182
3/31/16,1,183
4/1/16,1,184
4/2/16,1,185
4/3/16,1,186
4/4/16,1,187
4/5/16,1,188
4/6/16,1,189
4/7/16,1,190
4/8/16,1,191
4/9/16,1,192
4/10/16,1,193
4/11/16,1,194
4/12/16,1,195
4/13/16,1,196
4/14/16,1,197
4/15/16,1,198
4/16/16,1,199
4/17/16,1,200
4/18/16,1,201
4/19/16,1,202
4/20/16,1,203
4/21/16,1,204
4/22/16,1,205
4/23/16,1,206
4/24/16,1,207
4/25/16,1,208
4/26/16,1,209
4/27/16,1,210
4/28/16,1,211
4/29/16,1,212
4/30/16,1,213
5/1/16,1,214
5/2/16,1,215
5/3/16,1,216
5/4/16,1,217
5/5/16,1,218
5/6/16,1,219
5/7/16,1,220
5/8/16,1,221
5/9/16,1,222
5/10/16,1,223
5/11/16,1,224
5/12/16,1,225
5/13/16,1,226
5/14/16,1,227
5/15/16,1,228
5/16/16,1,229
5/17/16,1,230
5/18/16,1,231
5/19/16,1,232
5/20/16,1,233
5/21/16,1,234
5/22/16,1,235
5/23/16,1,236
5/24/16,1,237
5/25/16,1,238
5/26/16,1,239
5/27/16,1,240
5/28/16,1,241
5/29/16,1,242
5/30/16,1,243
5/31/16,1,244
6/1/16,1,245
6/2/16,1,246
6/3/16,1,247
6/4/16,1,248
6/5/16,1,249
6/6/16,1,250
6/7/16,0,251
6/8/16,0,252
6/9/16,0,253
6/10/16,0,254
6/11/16,0,255
6/12/16,0,256
6/13/16,0,257
6/14/16,0,258
6/15/16,0,259
6/16/16,0,260
6/17/16,0,261
6/18/16,0,262
6/19/16,0,263
6/20/16,0,264
6/21/16,0,265
6/22/16,0,266
6/23/16,0,267
6/24/16,0,268
6/25/16,0,269
6/26/16,0,270
6/27/16,0,271
6/28/16,0,272
6/29/16,0,273
6/30/16,0,274
7/1/16,0,275
7/2/16,0,276
7/3/16,0,277
7/4/16,0,278
7/5/16,0,279
7/6/16,0,280
7/7/16,0,281
7/8/16,0,282
7/9/16,0,283
7/10/16,0,284
7/11/16,0,285
7/12/16,0,286
7/13/16,0,287
7/14/16,0,288
7/15/16,0,289
7/16/16,0,290
7/17/16,0,291
7/18/16,0,292
7/19/16,0,293
7/20/16,0,294
7/21/16,0,295
7/22/16,0,296
7/23/16,0,297
7/24/16,0,298
7/25/16,0,299
7/26/16,0,300
7/27/16,0,301
7/28/16,0,302
7/29/16,0,303
7/30/16,0,304
7/31/16,0,305
8/1/16,0,306
8/2/16,0,307
8/3/16,0,308
8/4/16,0,309
8/5/16,0,310
8/6/16,0,311
8/7/16,0,312
8/8/16,0,313
8/9/16,0,314
8/10/16,0,315
8/11/16,0,316
8/12/16,0,317
8/13/16,0,318
8/14/16,0,319
8/15/16,0,320
8/16/16,0,321
8/17/16,0,322
8/18/16,0,323
8/19/16,0,324
8/20/16,0,325
8/21/16,0,326
8/22/16,0,327
8/23/16,0,328
8/24/16,0,329
8/25/16,0,330
8/26/16,0,331
8/27/16,0,332
8/28/16,0,333
8/29/16,0,334
8/30/16,0,335
8/31/16,0,336
9/1/16,0,337
9/2/16,0,338
9/3/16,0,339
9/4/16,0,340
9/5/16,0,341
9/6/16,0,342
9/7/16,0,343
9/8/16,0,344
9/9/16,0,345
9/10/16,0,346
9/11/16,0,347
9/12/16,0,348
9/13/16,0,349
9/14/16,0,350
9/15/16,0,351
9/16/16,0,352
9/17/16,0,353
9/18/16,0,354
9/19/16,0,355
9/20/16,0,356
9/21/16,0,357
9/22/16,0,358
9/23/16,0,359
9/24/16,0,360
9/25/16,0,361
9/26/16,0,362
9/27/16,0,363
9/28/16,0,364
9/29/16,0,365
9/30/16,0,366
10/1/16,0,1
10/2/16,0,2
10/3/16,0,3
10/4/16,0,4
10/5/16,0,5
10/6/16,0,6
10/7/16,0,7
10/8/16,0,8
10/9/16,0,9
10/10/16,0,10
10/11/16,0,11
10/12/16,0,12
10/13/16,0,13
10/14/16,0,14
10/15/16,0,15
10/16/16,0,16
10/17/16,0,17
10/18/16,0,18
10/19/16,0,19
10/20/16,0,20
10/21/16,0,21
10/22/16,0,22
10/23/16,0,23
10/24/16,0,24
10/25/16,0,25
10/26/16,0,26
10/27/16,0,27
10/28/16,0,28
10/29/16,0,29
10/30/16,0,30
10/31/16,0,31
11/1/16,0,32
11/2/16,0,33
11/3/16,0,34
11/4/16,0,35
11/5/16,0,36
11/6/16,0,37
11/7/16,0,38
11/8/16,0,39
11/9/16,0,40
11/10/16,0,41
11/11/16,0,42
11/12/16,0,43
11/13/16,0,44
11/14/16,0,45
11/15/16,0,46
11/16/16,0,47
11/17/16,0,48
11/18/16,0,49
11/19/16,0,50
11/20/16,0,51
11/21/16,0,52
11/22/16,0,53
11/23/16,1,54
11/24/16,1,55
11/25/16,1,56
11/26/16,1,57
11/27/16,1,58
11/28/16,1,59
11/29/16,1,60
11/30/16,1,61
12/1/16,1,62
12/2/16,1,63
12/3/16,1,64
12/4/16,1,65
12/5/16,1,66
12/6/16,1,67
12/7/16,1,68
12/8/16,1,69
12/9/16,1,70
12/10/16,1,71
12/11/16,1,72
12/12/16,1,73
12/13/16,1,74
12/14/16,1,75
12/15/16,1,76
12/16/16,1,77
12/17/16,1,78
12/18/16,1,79
12/19/16,1,80
12/20/16,1,81
12/21/16,1,82
12/22/16,1,83
12/23/16,1,84
12/24/16,1,85
12/25/16,1,86
12/26/16,1,87
12/27/16,1,88
12/28/16,1,89
12/29/16,1,90
12/30/16,1,91
12/31/16,1,92
1/1/17,1,93
1/2/17,1,94
1/3/17,1,95
1/4/17,1,96
1/5/17,1,97
1/6/17,1,98
1/7/17,1,99
1/8/17,1,100
1/9/17,1,101
1/10/17,1,102
1/11/17,1,103
1/12/17,1,104
1/13/17,1,105
1/14/17,1,106
1/15/17,1,107
1/16/17,1,108
1/17/17,1,109
1/18/17,1,110
1/19/17,1,111
1/20/17,1,112
1/21/17,1,113
1/22/17,1,114
1/23/17,1,115
1/24/17,1,116
1/25/17,1,117
1/26/17,1,118
1/27/17,1,119
1/28/17,1,120
1/29/17,1,121
1/30/17,1,122
1/31/17,1,123
2/1/17,1,124
2/2/17,1,125
2/3/17,1,126
2/4/17,1,127
2/5/17,1,128
2/6/17,1,129
2/7/17,1,130
2/8/17,1,131
2/9/17,1,132
2/10/17,1,133
2/11/17,1,134
2/12/17,1,135
2/13/17,1,136
2/14/17,1,137
2/15/17,1,138
2/16/17,1,139
2/17/17,1,140
2/18/17,1,141
2/19/17,1,142
2/20/17,1,143
2/21/17,1,144
2/22/17,1,145
2/23/17,1,146
2/24/17,1,147
2/25/17,1,148
2/26/17,1,149
2/27/17,1,150
2/28/17,1,151
3/1/17,1,152
3/2/17,1,153
3/3/17,1,154
3/4/17,1,155
3/5/17,1,156
3/6/17,1,157
3/7/17,1,158
3/8/17,1,159
3/9/17,1,160
3/10/17,1,161
3/11/17,1,162
3/12/17,1,163
3/13/17,1,164
3/14/17,1,165
3/15/17,1,166
3/16/17,1,167
3/17/17,1,168
3/18/17,1,169
3/19/17,1,170
3/20/17,1,171
3/21/17,1,172
3/22/17,1,173
3/23/17,1,174
3/24/17,1,175
3/25/17,1,176
3/26/17,1,177
3/27/17,1,178
3/28/17,1,179
3/29/17,1,180
3/30/17,1,181
3/31/17,1,182
4/1/17,1,183
4/2/17,1,184
4/3/17,1,185
4/4/17,1,186
4/5/17,1,187
4/6/17,1,188
4/7/17,1,189
4/8/17,1,190
4/9/17,1,191
4/10/17,1,192
4/11/17,1,193
4/12/17,1,194
4/13/17,1,195
4/14/17,1,196
4/15/17,1,197
4/16/17,1,198
4/17/17,1,199
4/18/17,1,200
4/19/17,1,201
4/20/17,1,202
4/21/17,1,203
4/22/17,1,204
4/23/17,1,205
4/24/17,1,206
4/25/17,1,207
4/26/17,1,208
4/27/17,1,209
4/28/17,1,210
4/29/17,1,211
4/30/17,1,212
5/1/17,1,213
5/2/17,1,214
5/3/17,1,215
5/4/17,1,216
5/5/17,1,217
5/6/17,1,218
5/7/17,1,219
5/8/17,1,220
5/9/17,1,221
5/10/17,1,222
5/11/17,1,223
5/12/17,1,224
5/13/17,1,225
5/14/17,1,226
5/15/17,1,227
5/16/17,1,228
5/17/17,1,229
5/18/17,1,230
5/19/17,1,231
5/20/17,1,232
5/21/17,1,233
5/22/17,1,234
5/23/17,1,235
5/24/17,1,236
5/25/17,1,237
5/26/17,1,238
5/27/17,1,239
5/28/17,1,240
5/29/17,1,241
5/30/17,1,242
5/31/17,0,243
6/1/17,0,244
6/2/17,0,245
6/3/17,0,246
6/4/17,0,247
6/5/17,0,248
6/6/17,0,249
6/7/17,0,250
6/8/17,0,251
6/9/17,0,252
6/10/17,0,253
6/11/17,0,254
6/12/17,0,255
6/13/17,0,256
6/14/17,0,257
6/15/17,0,258
6/16/17,0,259
6/17/17,0,260
6/18/17,0,261
6/19/17,0,262
6/20/17,0,263
6/21/17,0,264
6/22/17,0,265
6/23/17,0,266
6/24/17,0,267
6/25/17,0,268
6/26/17,0,269
6/27/17,0,270
6/28/17,0,271
6/29/17,0,272
6/30/17,0,273
7/1/17,0,274
7/2/17,0,275
7/3/17,0,276
7/4/17,0,277
7/5/17,0,278
7/6/17,0,279
7/7/17,0,280
7/8/17,0,281
7/9/17,0,282
7/10/17,0,283
7/11/17,0,284
7/12/17,0,285
7/13/17,0,286
7/14/17,0,287
7/15/17,0,288
7/16/17,0,289
7/17/17,0,290
7/18/17,0,291
7/19/17,0,292
7/20/17,0,293
7/21/17,0,294
7/22/17,0,295
7/23/17,0,296
7/24/17,0,297
7/25/17,0,298
7/26/17,0,299
7/27/17,0,300
7/28/17,0,301
7/29/17,0,302
7/30/17,0,303
7/31/17,0,304
8/1/17,0,305
8/2/17,0,306
8/3/17,0,307
8/4/17,0,308
8/5/17,0,309
8/6/17,0,310
8/7/17,0,311
8/8/17,0,312
8/9/17,0,313
8/10/17,0,314
8/11/17,0,315
8/12/17,0,316
8/13/17,0,317
8/14/17,0,318
8/15/17,0,319
8/16/17,0,320
8/17/17,0,321
8/18/17,0,322
8/19/17,0,323
8/20/17,0,324
8/21/17,0,325
8/22/17,0,326
8/23/17,0,327
8/24/17,0,328
8/25/17,0,329
8/26/17,0,330
8/27/17,0,331
8/28/17,0,332
8/29/17,0,333
8/30/17,0,334
8/31/17,0,335
9/1/17,0,336
9/2/17,0,337
9/3/17,0,338
9/4/17,0,339
9/5/17,0,340
9/6/17,0,341
9/7/17,0,342
9/8/17,0,343
9/9/17,0,344
9/10/17,0,345
9/11/17,0,346
9/12/17,0,347
9/13/17,0,348
9/14/17,0,349
9/15/17,0,350
9/16/17,0,351
9/17/17,0,352
9/18/17,0,353
9/19/17,0,354
9/20/17,0,355
9/21/17,0,356
9/22/17,0,357
9/23/17,0,358
9/24/17,0,359
9/25/17,0,360
9/26/17,0,361
9/27/17,0,362
9/28/17,0,363
9/29/17,0,364
9/30/17,0,365
10/1/17,0,1
10/2/17,0,2
10/3/17,0,3
10/4/17,0,4
10/5/17,0,5
10/6/17,0,6
10/7/17,0,7
10/8/17,0,8
10/9/17,0,9
10/10/17,0,10
10/11/17,0,11
10/12/17,0,12
10/13/17,0,13
10/14/17,0,14
10/15/17,0,15
10/16/17,0,16
10/17/17,0,17
10/18/17,0,18
10/19/17,0,19
10/20/17,0,20
10/21/17,0,21
10/22/17,0,22
10/23/17,0,23
10/24/17,0,24
10/25/17,0,25
10/26/17,0,26
10/27/17,0,27
10/28/17,0,28
10/29/17,0,29
10/30/17,0,30
10/31/17,0,31
11/1/17,0,32
11/2/17,0,33
11/3/17,0,34
11/4/17,0,35
11/5/17,0,36
11/6/17,0,37
11/7/17,0,38
11/8/17,0,39
11/9/17,1,40
11/10/17,1,41
11/11/17,1,42
11/12/17,1,43
11/13/17,1,44
11/14/17,1,45
11/15/17,1,46
11/16/17,1,47
11/17/17,1,48
11/18/17,1,49
11/19/17,1,50
11/20/17,1,51
11/21/17,1,52
11/22/17,1,53
11/23/17,1,54
11/24/17,1,55
11/25/17,1,56
11/26/17,1,57
11/27/17,1,58
11/28/17,1,59
11/29/17,1,60
11/30/17,1,61
12/1/17,1,62
12/2/17,1,63
12/3/17,1,64
12/4/17,1,65
12/5/17,1,66
12/6/17,1,67
12/7/17,1,68
12/8/17,1,69
12/9/17,1,70
12/10/17,1,71
12/11/17,1,72
12/12/17,1,73
12/13/17,1,74
12/14/17,1,75
12/15/17,1,76
12/16/17,1,77
12/17/17,1,78
12/18/17,1,79
12/19/17,1,80
12/20/17,1,81
12/21/17,1,82
12/22/17,1,83
12/23/17,1,84
12/24/17,1,85
12/25/17,1,86
12/26/17,1,87
12/27/17,1,88
12/28/17,1,89
12/29/17,1,90
12/30/17,1,91
12/31/17,1,92
1/1/18,1,93
1/2/18,1,94
1/3/18,1,95
1/4/18,1,96
1/5/18,1,97
1/6/18,1,98
1/7/18,1,99
1/8/18,1,100
1/9/18,1,101
1/10/18,1,102
1/11/18,1,103
1/12/18,1,104
1/13/18,1,105
1/14/18,1,106
1/15/18,1,107
1/16/18,1,108
1/17/18,1,109
1/18/18,1,110
1/19/18,1,111
1/20/18,1,112
1/21/18,1,113
1/22/18,1,114
1/23/18,1,115
1/24/18,1,116
1/25/18,1,117
1/26/18,1,118
1/27/18,1,119
1/28/18,1,120
1/29/18,1,121
1/30/18,1,122
1/31/18,1,123
2/1/18,1,124
2/2/18,1,125
2/3/18,1,126
2/4/18,1,127
2/5/18,1,128
2/6/18,1,129
2/7/18,1,130
2/8/18,1,131
2/9/18,1,132
2/10/18,1,133
2/11/18,1,134
2/12/18,1,135
2/13/18,1,136
2/14/18,1,137
2/15/18,1,138
2/16/18,1,139
2/17/18,1,140
2/18/18,1,141
2/19/18,1,142
2/20/18,1,143
2/21/18,1,144
2/22/18,1,145
2/23/18,1,146
2/24/18,1,147
2/25/18,1,148
2/26/18,1,149
2/27/18,1,150
2/28/18,1,151
3/1/18,1,152
3/2/18,1,153
3/3/18,1,154
3/4/18,1,155
3/5/18,1,156
3/6/18,1,157
3/7/18,1,158
3/8/18,1,159
3/9/18,1,160
3/10/18,1,161
3/11/18,1,162
3/12/18,1,163
3/13/18,1,164
3/14/18,1,165
3/15/18,1,166
3/16/18,1,167
3/17/18,1,168
3/18/18,1,169
3/19/18,1,170
3/20/18,1,171
3/21/18,1,172
3/22/18,1,173
3/23/18,1,174
3/24/18,1,175
3/25/18,1,176
3/26/18,1,177
3/27/18,1,178
3/28/18,1,179
3/29/18,1,180
3/30/18,1,181
3/31/18,1,182
4/1/18,1,183
4/2/18,1,184
4/3/18,1,185
4/4/18,1,186
4/5/18,1,187
4/6/18,1,188
4/7/18,1,189
4/8/18,1,190
4/9/18,1,191
4/10/18,1,192
4/11/18,1,193
4/12/18,1,194
4/13/18,1,195
4/14/18,1,196
4/15/18,1,197
4/16/18,1,198
4/17/18,1,199
4/18/18,1,200
4/19/18,1,201
4/20/18,1,202
4/21/18,1,203
4/22/18,1,204
4/23/18,1,205
4/24/18,1,206
4/25/18,1,207
4/26/18,1,208
4/27/18,1,209
4/28/18,1,210
4/29/18,1,211
4/30/18,1,212
5/1/18,1,213
5/2/18,1,214
5/3/18,1,215
5/4/18,1,216
5/5/18,1,217
5/6/18,1,218
5/7/18,1,219
5/8/18,1,220
5/9/18,1,221
5/10/18,1,222
5/11/18,1,223
5/12/18,1,224
5/13/18,1,225
5/14/18,1,226
5/15/18,1,227
5/16/18,1,228
5/17/18,1,229
5/18/18,1,230
5/19/18,1,231
5/20/18,1,232
5/21/18,1,233
5/22/18,1,234
5/23/18,0,235
5/24/18,0,236
5/25/18,0,237
5/26/18,0,238
5/27/18,0,239
5/28/18,0,240
5/29/18,0,241
5/30/18,0,242
5/31/18,0,243
6/1/18,0,244
6/2/18,0,245
6/3/18,0,246
6/4/18,0,247
6/5/18,0,248
6/6/18,0,249
6/7/18,0,250
6/8/18,0,251
6/9/18,0,252
6/10/18,0,253
6/11/18,0,254
6/12/18,0,255
6/13/18,0,256
6/14/18,0,257
6/15/18,0,258
6/16/18,0,259
6/17/18,0,260
6/18/18,0,261
6/19/18,0,262
6/20/18,0,263
6/21/18,0,264
6/22/18,0,265
6/23/18,0,266
6/24/18,0,267
6/25/18,0,268
6/26/18,0,269
6/27/18,0,270
6/28/18,0,271
6/29/18,0,272
6/30/18,0,273
7/1/18,0,274
7/2/18,0,275
7/3/18,0,276
7/4/18,0,277
7/5/18,0,278
7/6/18,0,279
7/7/18,0,280
7/8/18,0,281
7/9/18,0,282
7/10/18,0,283
7/11/18,0,284
7/12/18,0,285
7/13/18,0,286
7/14/18,0,287
7/15/18,0,288
7/16/18,0,289
7/17/18,0,290
7/18/18,0,291
7/19/18,0,292
7/20/18,0,293
7/21/18,0,294
7/22/18,0,295
7/23/18,0,296
7/24/18,0,297
7/25/18,0,298
7/26/18,0,299
7/27/18,0,300
7/28/18,0,301
7/29/18,0,302
7/30/18,0,303
7/31/18,0,304
8/1/18,0,305
8/2/18,0,306
8/3/18,0,307
8/4/18,0,308
8/5/18,0,309
8/6/18,0,310
8/7/18,0,311
8/8/18,0,312
8/9/18,0,313
8/10/18,0,314
8/11/18,0,315
8/12/18,0,316
8/13/18,0,317
8/14/18,0,318
8/15/18,0,319
8/16/18,0,320
8/17/18,0,321
8/18/18,0,322
8/19/18,0,323
8/20/18,0,324
8/21/18,0,325
8/22/18,0,326
8/23/18,0,327
8/24/18,0,328
8/25/18,0,329
8/26/18,0,330
8/27/18,0,331
8/28/18,0,332
8/29/18,0,333
8/30/18,0,334
8/31/18,0,335
9/1/18,0,336
9/2/18,0,337
9/3/18,0,338
9/4/18,0,339
9/5/18,0,340
9/6/18,0,341
9/7/18,0,342
9/8/18,0,343
9/9/18,0,344
9/10/18,0,345
9/11/18,0,346
9/12/18,0,347
9/13/18,0,348
9/14/18,0,349
9/15/18,0,350
9/16/18,0,351
9/17/18,0,352
9/18/18,0,353
9/19/18,0,354
9/20/18,0,355
9/21/18,0,356
9/22/18,0,357
9/23/18,0,358
9/24/18,0,359
9/25/18,0,360
9/26/18,0,361
9/27/18,0,362
9/28/18,0,363
9/29/18,0,364
9/30/18,0,365
10/1/18,0,1
10/2/18,0,2
10/3/18,0,3
10/4/18,0,4
10/5/18,0,5
10/6/18,0,6
10/7/18,0,7
10/8/18,0,8
10/9/18,0,9
10/10/18,0,10
10/11/18,0,11
10/12/18,0,12
10/13/18,0,13
10/14/18,0,14
10/15/18,0,15
10/16/18,0,16
10/17/18,0,17
10/18/18,0,18
10/19/18,0,19
10/20/18,0,20
10/21/18,0,21
10/22/18,0,22
10/23/18,0,23
10/24/18,0,24
10/25/18,0,25
10/26/18,0,26
10/27/18,0,27
10/28/18,0,28
10/29/18,0,29
10/30/18,0,30
10/31/18,0,31
11/1/18,0,32
11/2/18,0,33
11/3/18,0,34
11/4/18,0,35
11/5/18,0,36
11/6/18,0,37
11/7/18,1,38
11/8/18,1,39
11/9/18,1,40
11/10/18,1,41
11/11/18,1,42
11/12/18,1,43
11/13/18,1,44
11/14/18,1,45
11/15/18,1,46
11/16/18,1,47
11/17/18,1,48
11/18/18,1,49
11/19/18,1,50
11/20/18,1,51
11/21/18,1,52
11/22/18,1,53
11/23/18,1,54
11/24/18,1,55
11/25/18,1,56
11/26/18,1,57
11/27/18,1,58
11/28/18,1,59
11/29/18,1,60
11/30/18,1,61
12/1/18,1,62
12/2/18,1,63
12/3/18,1,64
12/4/18,1,65
12/5/18,1,66
12/6/18,1,67
12/7/18,1,68
12/8/18,1,69
12/9/18,1,70
12/10/18,1,71
12/11/18,1,72
12/12/18,1,73
12/13/18,1,74
12/14/18,1,75
12/15/18,1,76
12/16/18,1,77
12/17/18,1,78
12/18/18,1,79
12/19/18,1,80
12/20/18,1,81
12/21/18,1,82
12/22/18,1,83
12/23/18,1,84
12/24/18,1,85
12/25/18,1,86
12/26/18,1,87
12/27/18,1,88
12/28/18,1,89
12/29/18,1,90
12/30/18,1,91
12/31/18,1,92
1/1/19,1,93
1/2/19,1,94
1/3/19,1,95
1/4/19,1,96
1/5/19,1,97
1/6/19,1,98
1/7/19,1,99
1/8/19,1,100
1/9/19,1,101
1/10/19,1,102
1/11/19,1,103
1/12/19,1,104
1/13/19,1,105
1/14/19,1,106
1/15/19,1,107
1/16/19,1,108
1/17/19,1,109
1/18/19,1,110
1/19/19,1,111
1/20/19,1,112
1/21/19,1,113
1/22/19,1,114
1/23/19,1,115
1/24/19,1,116
1/25/19,1,117
1/26/19,1,118
1/27/19,1,119
1/28/19,1,120
1/29/19,1,121
1/30/19,1,122
1/31/19,1,123
2/1/19,1,124
2/2/19,1,125
2/3/19,1,126
2/4/19,1,127
2/5/19,1,128
2/6/19,1,129
2/7/19,1,130
2/8/19,1,131
2/9/19,1,132
2/10/19,1,133
2/11/19,1,134
2/12/19,1,135
2/13/19,1,136
2/14/19,1,137
2/15/19,1,138
2/16/19,1,139
2/17/19,1,140
2/18/19,1,141
2/19/19,1,142
2/20/19,1,143
2/21/19,1,144
2/22/19,1,145
2/23/19,1,146
2/24/19,1,147
2/25/19,1,148
2/26/19,1,149
2/27/19,1,150
2/28/19,1,151
3/1/19,1,152
3/2/19,1,153
3/3/19,1,154
3/4/19,1,155
3/5/19,1,156
3/6/19,1,157
3/7/19,1,158
3/8/19,1,159
3/9/19,1,160
3/10/19,1,161
3/11/19,1,162
3/12/19,1,163
3/13/19,1,164
3/14/19,1,165
3/15/19,1,166
3/16/19,1,167
3/17/19,1,168
3/18/19,1,169
3/19/19,1,170
3/20/19,1,171
3/21/19,1,172
3/22/19,1,173
3/23/19,1,174
3/24/19,1,175
3/25/19,1,176
3/26/19,1,177
3/27/19,1,178
3/28/19,1,179
3/29/19,1,180
3/30/19,1,181
3/31/19,1,182
4/1/19,1,183
4/2/19,1,184
4/3/19,1,185
4/4/19,1,186
4/5/19,1,187
4/6/19,1,188
4/7/19,1,189
4/8/19,1,190
4/9/19,1,191
4/10/19,1,192
4/11/19,1,193
4/12/19,1,194
4/13/19,1,195
4/14/19,1,196
4/15/19,1,197
4/16/19,1,198
4/17/19,1,199
4/18/19,1,200
4/19/19,1,201
4/20/19,1,202
4/21/19,1,203
4/22/19,1,204
4/23/19,1,205
4/24/19,1,206
4/25/19,1,207
4/26/19,1,208
4/27/19,1,209
4/28/19,1,210
4/29/19,1,211
4/30/19,1,212
5/1/19,1,213
5/2/19,1,214
5/3/19,1,215
5/4/19,1,216
5/5/19,1,217
5/6/19,1,218
5/7/19,1,219
5/8/19,1,220
5/9/19,1,221
5/10/19,1,222
5/11/19,1,223
5/12/19,1,224
5/13/19,1,225
5/14/19,1,226
5/15/19,1,227
5/16/19,1,228
5/17/19,1,229
5/18/19,1,230
5/19/19,1,231
5/20/19,1,232
5/21/19,1,233
5/22/19,1,234
5/23/19,1,235
5/24/19,1,236
5/25/19,1,237
5/26/19,1,238
5/27/19,1,239
5/28/19,1,240
5/29/19,1,241
5/30/19,1,242
5/31/19,1,243
6/1/19,1,244
6/2/19,1,245
6/3/19,1,246
6/4/19,1,247
6/5/19,1,248
6/6/19,1,249
6/7/19,1,250
6/8/19,1,251
6/9/19,1,252
6/10/19,1,253
6/11/19,1,254
6/12/19,1,255
6/13/19,1,256
6/14/19,1,257
6/15/19,1,258
6/16/19,1,259
6/17/19,1,260
6/18/19,1,261
6/19/19,1,262
6/20/19,0,263
6/21/19,0,264
6/22/19,0,265
6/23/19,0,266
6/24/19,0,267
6/25/19,0,268
6/26/19,0,269
6/27/19,0,270
6/28/19,0,271
6/29/19,0,272
6/30/19,0,273
7/1/19,0,274
7/2/19,0,275
7/3/19,0,276
7/4/19,0,277
7/5/19,0,278
7/6/19,0,279
7/7/19,0,280
7/8/19,0,281
7/9/19,0,282
7/10/19,0,283
7/11/19,0,284
7/12/19,0,285
7/13/19,0,286
7/14/19,0,287
7/15/19,0,288
7/16/19,0,289
7/17/19,0,290
7/18/19,0,291
7/19/19,0,292
7/20/19,0,293
7/21/19,0,294
7/22/19,0,295
7/23/19,0,296
7/24/19,0,297
7/25/19,0,298
7/26/19,0,299
7/27/19,0,300
7/28/19,0,301
7/29/19,0,302
7/30/19,0,303
7/31/19,0,304
8/1/19,0,305
8/2/19,0,306
8/3/19,0,307
8/4/19,0,308
8/5/19,0,309
8/6/19,0,310
8/7/19,0,311
8/8/19,0,312
8/9/19,0,313
8/10/19,0,314
8/11/19,0,315
8/12/19,0,316
8/13/19,0,317
8/14/19,0,318
8/15/19,0,319
8/16/19,0,320
8/17/19,0,321
8/18/19,0,322
8/19/19,0,323
8/20/19,0,324
8/21/19,0,325
8/22/19,0,326
8/23/19,0,327
8/24/19,0,328
8/25/19,0,329
8/26/19,0,330
8/27/19,0,331
8/28/19,0,332
8/29/19,0,333
8/30/19,0,334
8/31/19,0,335
9/1/19,0,336
9/2/19,0,337
9/3/19,0,338
9/4/19,0,339
9/5/19,0,340
9/6/19,0,341
9/7/19,0,342
9/8/19,0,343
9/9/19,0,344
9/10/19,0,345
9/11/19,0,346
9/12/19,0,347
9/13/19,0,348
9/14/19,0,349
9/15/19,0,350
9/16/19,0,351
9/17/19,0,352
9/18/19,0,353
9/19/19,0,354
9/20/19,0,355
9/21/19,0,356
9/22/19,0,357
9/23/19,0,358
9/24/19,0,359
9/25/19,0,360
9/26/19,0,361
9/27/19,0,362
9/28/19,0,363
9/29/19,0,364
9/30/19,0,365
10/1/19,0,1
10/2/19,0,2
10/3/19,0,3
10/4/19,0,4
10/5/19,0,5
10/6/19,0,6
10/7/19,0,7
10/8/19,0,8
10/9/19,0,9
10/10/19,0,10
10/11/19,0,11
10/12/19,0,12
10/13/19,0,13
10/14/19,0,14
10/15/19,0,15
10/16/19,0,16
10/17/19,0,17
10/18/19,0,18
10/19/19,0,19
10/20/19,0,20
10/21/19,0,21
10/22/19,0,22
10/23/19,0,23
10/24/19,0,24
10/25/19,0,25
10/26/19,0,26
10/27/19,0,27
10/28/19,0,28
10/29/19,0,29
10/30/19,1,30
10/31/19,1,31
11/1/19,1,32
11/2/19,1,33
11/3/19,1,34
11/4/19,1,35
11/5/19,1,36
11/6/19,1,37
11/7/19,1,38
11/8/19,1,39
11/9/19,1,40
11/10/19,1,41
11/11/19,1,42
11/12/19,1,43
11/13/19,1,44
11/14/19,1,45
11/15/19,1,46
11/16/19,1,47
11/17/19,1,48
11/18/19,1,49
11/19/19,1,50
11/20/19,1,51
11/21/19,1,52
11/22/19,1,53
11/23/19,1,54
11/24/19,1,55
11/25/19,1,56
11/26/19,1,57
11/27/19,1,58
11/28/19,1,59
11/29/19,1,60
11/30/19,1,61
12/1/19,1,62
12/2/19,1,63
12/3/19,1,64
12/4/19,1,65
12/5/19,1,66
12/6/19,1,67
12/7/19,1,68
12/8/19,1,69
12/9/19,1,70
12/10/19,1,71
12/11/19,1,72
12/12/19,1,73
12/13/19,1,74
12/14/19,1,75
12/15/19,1,76
12/16/19,1,77
12/17/19,1,78
12/18/19,1,79
12/19/19,1,80
12/20/19,1,81
12/21/19,1,82
12/22/19,1,83
12/23/19,1,84
12/24/19,1,85
12/25/19,1,86
12/26/19,1,87
12/27/19,1,88
12/28/19,1,89
12/29/19,1,90
12/30/19,1,91
12/31/19,1,92
1/1/20,1,93
1/2/20,1,94
1/3/20,1,95
1/4/20,1,96
1/5/20,1,97
1/6/20,1,98
1/7/20,1,99
1/8/20,1,100
1/9/20,1,101
1/10/20,1,102
1/11/20,1,103
1/12/20,1,104
1/13/20,1,105
1/14/20,1,106
1/15/20,1,107
1/16/20,1,108
1/17/20,1,109
1/18/20,1,110
1/19/20,1,111
1/20/20,1,112
1/21/20,1,113
1/22/20,1,114
1/23/20,1,115
1/24/20,1,116
1/25/20,1,117
1/26/20,1,118
1/27/20,1,119
1/28/20,1,120
1/29/20,1,121
1/30/20,1,122
1/31/20,1,123
2/1/20,1,124
2/2/20,1,125
2/3/20,1,126
2/4/20,1,127
2/5/20,1,128
2/6/20,1,129
2/7/20,1,130
2/8/20,1,131
2/9/20,1,132
2/10/20,1,133
2/11/20,1,134
2/12/20,1,135
2/13/20,1,136
2/14/20,1,137
2/15/20,1,138
2/16/20,1,139
2/17/20,1,140
2/18/20,1,141
2/19/20,1,142
2/20/20,1,143
2/21/20,1,144
2/22/20,1,145
2/23/20,1,146
2/24/20,1,147
2/25/20,1,148
2/26/20,1,149
2/27/20,1,150
2/28/20,1,151
2/29/20,1,152
3/1/20,1,153
3/2/20,1,154
3/3/20,1,155
3/4/20,1,156
3/5/20,1,157
3/6/20,1,158
3/7/20,1,159
3/8/20,1,160
3/9/20,1,161
3/10/20,1,162
3/11/20,1,163
3/12/20,1,164
3/13/20,1,165
3/14/20,1,166
3/15/20,1,167
3/16/20,1,168
3/17/20,1,169
3/18/20,1,170
3/19/20,1,171
3/20/20,1,172
3/21/20,1,173
3/22/20,1,174
3/23/20,1,175
3/24/20,1,176
3/25/20,1,177
3/26/20,1,178
3/27/20,1,179
3/28/20,1,180
3/29/20,1,181
3/30/20,1,182
3/31/20,1,183
4/1/20,1,184
4/2/20,1,185
4/3/20,1,186
4/4/20,1,187
4/5/20,1,188
4/6/20,1,189
4/7/20,1,190
4/8/20,1,191
4/9/20,1,192
4/10/20,1,193
4/11/20,1,194
4/12/20,1,195
4/13/20,1,196
4/14/20,1,197
4/15/20,1,198
4/16/20,1,199
4/17/20,1,200
4/18/20,1,201
4/19/20,1,202
4/20/20,1,203
4/21/20,1,204
4/22/20,1,205
4/23/20,1,206
4/24/20,1,207
4/25/20,1,208
4/26/20,1,209
4/27/20,1,210
4/28/20,1,211
4/29/20,1,212
4/30/20,1,213
5/1/20,1,214
5/2/20,1,215
5/3/20,1,216
5/4/20,1,217
5/5/20,1,218
5/6/20,1,219
5/7/20,1,220
5/8/20,1,221
5/9/20,1,222
5/10/20,1,223
5/11/20,1,224
5/12/20,1,225
5/13/20,1,226
5/14/20,1,227
5/15/20,1,228
5/16/20,1,229
5/17/20,1,230
5/18/20,1,231
5/19/20,1,232
5/20/20,1,233
5/21/20,1,234
5/22/20,1,235
5/23/20,0,236
5/24/20,0,237
5/25/20,0,238
5/26/20,0,239
5/27/20,0,240
5/28/20,0,241
5/29/20,0,242
5/30/20,0,243
5/31/20,0,244
6/1/20,0,245
6/2/20,0,246
6/3/20,0,247
6/4/20,0,248
6/5/20,0,249
6/6/20,0,250
6/7/20,0,251
6/8/20,0,252
6/9/20,0,253
6/10/20,0,254
6/11/20,0,255
6/12/20,0,256
6/13/20,0,257
6/14/20,0,258
6/15/20,0,259
6/16/20,0,260
6/17/20,0,261
6/18/20,0,262
6/19/20,0,263
6/20/20,0,264
6/21/20,0,265
6/22/20,0,266
6/23/20,0,267
6/24/20,0,268
6/25/20,0,269
6/26/20,0,270
6/27/20,0,271
6/28/20,0,272
6/29/20,0,273
6/30/20,0,274
7/1/20,0,275
7/2/20,0,276
7/3/20,0,277
7/4/20,0,278
7/5/20,0,279
7/6/20,0,280
7/7/20,0,281
7/8/20,0,282
7/9/20,0,283
7/10/20,0,284
7/11/20,0,285
7/12/20,0,286
7/13/20,0,287
7/14/20,0,288
7/15/20,0,289
7/16/20,0,290
7/17/20,0,291
7/18/20,0,292
7/19/20,0,293
7/20/20,0,294
7/21/20,0,295
7/22/20,0,296
7/23/20,0,297
7/24/20,0,298
7/25/20,0,299
7/26/20,0,300
7/27/20,0,301
7/28/20,0,302
7/29/20,0,303
7/30/20,0,304
7/31/20,0,305
8/1/20,0,306
8/2/20,0,307
8/3/20,0,308
8/4/20,0,309
8/5/20,0,310
8/6/20,0,311
8/7/20,0,312
8/8/20,0,313
8/9/20,0,314
8/10/20,0,315
8/11/20,0,316
8/12/20,0,317
8/13/20,0,318
8/14/20,0,319
8/15/20,0,320
8/16/20,0,321
8/17/20,0,322
8/18/20,0,323
8/19/20,0,324
8/20/20,0,325
8/21/20,0,326
8/22/20,0,327
8/23/20,0,328
8/24/20,0,329
8/25/20,0,330
8/26/20,0,331
8/27/20,0,332
8/28/20,0,333
8/29/20,0,334
8/30/20,0,335
8/31/20,0,336
9/1/20,0,337
9/2/20,0,338
9/3/20,0,339
9/4/20,0,340
9/5/20,0,341
9/6/20,0,342
9/7/20,0,343
9/8/20,0,344
9/9/20,0,345
9/10/20,0,346
9/11/20,0,347
9/12/20,0,348
9/13/20,0,349
9/14/20,0,350
9/15/20,0,351
9/16/20,0,352
9/17/20,0,353
9/18/20,0,354
9/19/20,0,355
9/20/20,0,356
9/21/20,0,357
9/22/20,0,358
9/23/20,0,359
9/24/20,0,360
9/25/20,0,361
9/26/20,0,362
9/27/20,0,363
9/28/20,0,364
9/29/20,0,365
9/30/20,0,366
10/1/20,0,1
10/2/20,0,2
10/3/20,0,3
10/4/20,0,4
10/5/20,0,5
10/6/20,0,6
10/7/20,0,7
10/8/20,0,8
10/9/20,0,9
10/10/20,0,10
10/11/20,0,11
10/12/20,0,12
10/13/20,0,13
10/14/20,0,14
10/15/20,0,15
10/16/20,0,16
10/17/20,0,17
10/18/20,0,18
10/19/20,0,19
10/20/20,0,20
10/21/20,0,21
10/22/20,0,22
10/23/20,0,23
10/24/20,0,24
10/25/20,0,25
10/26/20,0,26
10/27/20,0,27
10/28/20,0,28
10/29/20,0,29
10/30/20,0,30
10/31/20,0,31
11/1/20,0,32
11/2/20,0,33
11/3/20,1,34
11/4/20,1,35
11/5/20,1,36
11/6/20,1,37
11/7/20,1,38
11/8/20,1,39
11/9/20,1,40
11/10/20,1,41
11/11/20,1,42
11/12/20,1,43
11/13/20,1,44
11/14/20,1,45
11/15/20,1,46
11/16/20,1,47
11/17/20,1,48
11/18/20,1,49
11/19/20,1,50
11/20/20,1,51
11/21/20,1,52
11/22/20,1,53
11/23/20,1,54
11/24/20,1,55
11/25/20,1,56
11/26/20,1,57
11/27/20,1,58
11/28/20,1,59
11/29/20,1,60
11/30/20,1,61
12/1/20,1,62
12/2/20,1,63
12/3/20,1,64
12/4/20,1,65
12/5/20,1,66
12/6/20,1,67
12/7/20,1,68
12/8/20,1,69
12/9/20,1,70
12/10/20,1,71
12/11/20,1,72
12/12/20,1,73
12/13/20,1,74
12/14/20,1,75
12/15/20,1,76
12/16/20,1,77
12/17/20,1,78
12/18/20,1,79
12/19/20,1,80
12/20/20,1,81
12/21/20,1,82
12/22/20,1,83
12/23/20,1,84
12/24/20,1,85
12/25/20,1,86
12/26/20,1,87
12/27/20,1,88
12/28/20,1,89
12/29/20,1,90
12/30/20,1,91
12/31/20,1,92
1/1/21,1,93
1/2/21,1,94
1/3/21,1,95
1/4/21,1,96
1/5/21,1,97
1/6/21,1,98
1/7/21,1,99
1/8/21,1,100
1/9/21,1,101
1/10/21,1,102
1/11/21,1,103
1/12/21,1,104
1/13/21,1,105
1/14/21,1,106
1/15/21,1,107
1/16/21,1,108
1/17/21,1,109
1/18/21,1,110
1/19/21,1,111
1/20/21,1,112
1/21/21,1,113
1/22/21,1,114
1/23/21,1,115
1/24/21,1,116
1/25/21,1,117
1/26/21,1,118
1/27/21,1,119
1/28/21,1,120
1/29/21,1,121
1/30/21,1,122
1/31/21,1,123
2/1/21,1,124
2/2/21,1,125
2/3/21,1,126
2/4/21,1,127
2/5/21,1,128
2/6/21,1,129
2/7/21,1,130
2/8/21,1,131
2/9/21,1,132
2/10/21,1,133
2/11/21,1,134
2/12/21,1,135
2/13/21,1,136
2/14/21,1,137
2/15/21,1,138
2/16/21,1,139
2/17/21,1,140
2/18/21,1,141
2/19/21,1,142
2/20/21,1,143
2/21/21,1,144
2/22/21,1,145
2/23/21,1,146
2/24/21,1,147
2/25/21,1,148
2/26/21,1,149
2/27/21,1,150
2/28/21,1,151
3/1/21,1,152
3/2/21,1,153
3/3/21,1,154
3/4/21,1,155
3/5/21,1,156
3/6/21,1,157
3/7/21,1,158
3/8/21,1,159
3/9/21,1,160
3/10/21,1,161
3/11/21,1,162
3/12/21,1,163
3/13/21,1,164
3/14/21,1,165
3/15/21,1,166
3/16/21,1,167
3/17/21,1,168
3/18/21,1,169
3/19/21,1,170
3/20/21,1,171
3/21/21,1,172
3/22/21,1,173
3/23/21,1,174
3/24/21,1,175
3/25/21,1,176
3/26/21,1,177
3/27/21,1,178
3/28/21,1,179
3/29/21,1,180
3/30/21,1,181
3/31/21,1,182
4/1/21,1,183
4/2/21,1,184
4/3/21,1,185
4/4/21,1,186
4/5/21,1,187
4/6/21,1,188
4/7/21,1,189
4/8/21,1,190
4/9/21,1,191
4/10/21,1,192
4/11/21,1,193
4/12/21,1,194
4/13/21,1,195
4/14/21,1,196
4/15/21,1,197
4/16/21,1,198
4/17/21,1,199
4/18/21,1,200
4/19/21,1,201
4/20/21,1,202
4/21/21,1,203
4/22/21,1,204
4/23/21,1,205
4/24/21,1,206
4/25/21,1,207
4/26/21,1,208
4/27/21,1,209
4/28/21,1,210
4/29/21,1,211
4/30/21,1,212
5/1/21,1,213
5/2/21,1,214
5/3/21,1,215
5/4/21,1,216
5/5/21,1,217
5/6/21,1,218
5/7/21,1,219
5/8/21,1,220
5/9/21,1,221
5/10/21,1,222
5/11/21,1,223
5/12/21,1,224
5/13/21,1,225
5/14/21,1,226
5/15/21,1,227
5/16/21,1,228
5/17/21,1,229
5/18/21,1,230
5/19/21,1,231
5/20/21,1,232
5/21/21,1,233
5/22/21,1,234
5/23/21,1,235
5/24/21,1,236
5/25/21,1,237
5/26/21,1,238
5/27/21,1,239
5/28/21,1,240
5/29/21,1,241
5/30/21,1,242
5/31/21,1,243
6/1/21,1,244
6/2/21,1,245
6/3/21,1,246
6/4/21,1,247
6/5/21,1,248
6/6/21,1,249
6/7/21,1,250
6/8/21,1,251
6/9/21,1,252
6/10/21,1,253
6/11/21,1,254
6/12/21,0,255
6/13/21,0,256
6/14/21,0,257
6/15/21,0,258
6/16/21,0,259
6/17/21,0,260
6/18/21,0,261
6/19/21,0,262
6/20/21,0,263
6/21/21,0,264
6/22/21,0,265
6/23/21,0,266
6/24/21,0,267
6/25/21,0,268
6/26/21,0,269
6/27/21,0,270
6/28/21,0,271
6/29/21,0,272
6/30/21,0,273
7/1/21,0,274
7/2/21,0,275
7/3/21,0,276
7/4/21,0,277
7/5/21,0,278
7/6/21,0,279
7/7/21,0,280
7/8/21,0,281
7/9/21,0,282
7/10/21,0,283
7/11/21,0,284
7/12/21,0,285
7/13/21,0,286
7/14/21,0,287
7/15/21,0,288
7/16/21,0,289
7/17/21,0,290
7/18/21,0,291
7/19/21,0,292
7/20/21,0,293
7/21/21,0,294
7/22/21,0,295
7/23/21,0,296
7/24/21,0,297
7/25/21,0,298
7/26/21,0,299
7/27/21,0,300
7/28/21,0,301
7/29/21,0,302
7/30/21,0,303
7/31/21,0,304
8/1/21,0,305
8/2/21,0,306
8/3/21,0,307
8/4/21,0,308
8/5/21,0,309
8/6/21,0,310
8/7/21,0,311
8/8/21,0,312
8/9/21,0,313
8/10/21,0,314
8/11/21,0,315
8/12/21,0,316
8/13/21,0,317
8/14/21,0,318
8/15/21,0,319
8/16/21,0,320
8/17/21,0,321
8/18/21,0,322
8/19/21,0,323
8/20/21,0,324
8/21/21,0,325
8/22/21,0,326
8/23/21,0,327
8/24/21,0,328
8/25/21,0,329
8/26/21,0,330
8/27/21,0,331
8/28/21,0,332
8/29/21,0,333
8/30/21,0,334
8/31/21,0,335
9/1/21,0,336
9/2/21,0,337
9/3/21,0,338
9/4/21,0,339
9/5/21,0,340
9/6/21,0,341
9/7/21,0,342
9/8/21,0,343
9/9/21,0,344
9/10/21,0,345
9/11/21,0,346
9/12/21,0,347
9/13/21,0,348
9/14/21,0,349
9/15/21,0,350
9/16/21,0,351
9/17/21,0,352
9/18/21,0,353
9/19/21,0,354
9/20/21,0,355
9/21/21,0,356
9/22/21,0,357
9/23/21,0,358
9/24/21,0,359
9/25/21,0,360
9/26/21,0,361
9/27/21,0,362
9/28/21,0,363
9/29/21,0,364
9/30/21,0,365
10/1/21,0,1
10/2/21,0,2
10/3/21,0,3
10/4/21,0,4
10/5/21,0,5
10/6/21,0,6
10/7/21,0,7
10/8/21,0,8
10/9/21,0,9
10/10/21,0,10
10/11/21,0,11
10/12/21,0,12
10/13/21,0,13
10/14/21,0,14
10/15/21,0,15
10/16/21,0,16
10/17/21,0,17
10/18/21,0,18
10/19/21,0,19
10/20/21,0,20
10/21/21,0,21
10/22/21,0,22
10/23/21,0,23
10/24/21,0,24
10/25/21,0,25
10/26/21,0,26
10/27/21,0,27
10/28/21,0,28
10/29/21,0,29
10/30/21,0,30
10/31/21,0,31
11/1/21,0,32
11/2/21,0,33
11/3/21,0,34
11/4/21,0,35
11/5/21,0,36
11/6/21,0,37
11/7/21,0,38
11/8/21,0,39
11/9/21,0,40
11/10/21,0,41
11/11/21,1,42
11/12/21,1,43
11/13/21,1,44
11/14/21,1,45
11/15/21,1,46
11/16/21,1,47
11/17/21,1,48
11/18/21,1,49
11/19/21,1,50
11/20/21,1,51
11/21/21,1,52
11/22/21,1,53
11/23/21,1,54
11/24/21,1,55
11/25/21,1,56
11/26/21,1,57
11/27/21,1,58
11/28/21,1,59
11/29/21,1,60
11/30/21,1,61
12/1/21,1,62
12/2/21,1,63
12/3/21,1,64
12/4/21,1,65
12/5/21,1,66
12/6/21,1,67
12/7/21,1,68
12/8/21,1,69
12/9/21,1,70
12/10/21,1,71
12/11/21,1,72
12/12/21,1,73
12/13/21,1,74
12/14/21,1,75
12/15/21,1,76
12/16/21,1,77
12/17/21,1,78
12/18/21,1,79
12/19/21,1,80
12/20/21,1,81
12/21/21,1,82
12/22/21,1,83
12/23/21,1,84
12/24/21,1,85
12/25/21,1,86
12/26/21,1,87
12/27/21,1,88
12/28/21,1,89
12/29/21,1,90
12/30/21,1,91
12/31/21,1,92
1/1/22,1,93
1/2/22,1,94
1/3/22,1,95
1/4/22,1,96
1/5/22,1,97
1/6/22,1,98
1/7/22,1,99
1/8/22,1,100
1/9/22,1,101
1/10/22,1,102
1/11/22,1,103
1/12/22,1,104
1/13/22,1,105
1/14/22,1,106
1/15/22,1,107
1/16/22,1,108
1/17/22,1,109
1/18/22,1,110
1/19/22,1,111
1/20/22,1,112
1/21/22,1,113
1/22/22,1,114
1/23/22,1,115
1/24/22,1,116
1/25/22,1,117
1/26/22,1,118
1/27/22,1,119
1/28/22,1,120
1/29/22,1,121
1/30/22,1,122
1/31/22,1,123
2/1/22,1,124
2/2/22,1,125
2/3/22,1,126
2/4/22,1,127
2/5/22,1,128
2/6/22,1,129
2/7/22,1,130
2/8/22,1,131
2/9/22,1,132
2/10/22,1,133
2/11/22,1,134
2/12/22,1,135
2/13/22,1,136
2/14/22,1,137
2/15/22,1,138
2/16/22,1,139
2/17/22,1,140
2/18/22,1,141
2/19/22,1,142
2/20/22,1,143
2/21/22,1,144
2/22/22,1,145
2/23/22,1,146
2/24/22,1,147
2/25/22,1,148
2/26/22,1,149
2/27/22,1,150
2/28/22,1,151
3/1/22,1,152
3/2/22,1,153
3/3/22,1,154
3/4/22,1,155
3/5/22,1,156
3/6/22,1,157
3/7/22,1,158
3/8/22,1,159
3/9/22,1,160
3/10/22,1,161
3/11/22,1,162
3/12/22,1,163
3/13/22,1,164
3/14/22,1,165
3/15/22,1,166
3/16/22,1,167
3/17/22,1,168
3/18/22,1,169
3/19/22,1,170
3/20/22,1,171
3/21/22,1,172
3/22/22,1,173
3/23/22,1,174
3/24/22,1,175
3/25/22,1,176
3/26/22,1,177
3/27/22,1,178
3/28/22,1,179
3/29/22,1,180
3/30/22,1,181
3/31/22,1,182
4/1/22,1,183
4/2/22,1,184
4/3/22,1,185
4/4/22,1,186
4/5/22,1,187
4/6/22,1,188
4/7/22,1,189
4/8/22,1,190
4/9/22,1,191
4/10/22,1,192
4/11/22,1,193
4/12/22,1,194
4/13/22,1,195
4/14/22,1,196
4/15/22,1,197
4/16/22,1,198
4/17/22,1,199
4/18/22,1,200
4/19/22,1,201
4/20/22,1,202
4/21/22,1,203
4/22/22,1,204
4/23/22,1,205
4/24/22,1,206
4/25/22,1,207
4/26/22,1,208
4/27/22,1,209
4/28/22,1,210
4/29/22,1,211
4/30/22,1,212
5/1/22,1,213
5/2/22,1,214
5/3/22,1,215
5/4/22,1,216
5/5/22,1,217
5/6/22,1,218
5/7/22,1,219
5/8/22,1,220
5/9/22,1,221
5/10/22,1,222
5/11/22,1,223
5/12/22,1,224
5/13/22,1,225
5/14/22,1,226
5/15/22,1,227
5/16/22,1,228
5/17/22,1,229
5/18/22,1,230
5/19/22,1,231
5/20/22,1,232
5/21/22,1,233
5/22/22,1,234
5/23/22,1,235
5/24/22,1,236
5/25/22,1,237
5/26/22,1,238
5/27/22,1,239
5/28/22,1,240
5/29/22,1,241
5/30/22,1,242
5/31/22,1,243
6/1/22,0,244
6/2/22,0,245
6/3/22,0,246
6/4/22,0,247
6/5/22,0,248
6/6/22,0,249
6/7/22,0,250
6/8/22,0,251
6/9/22,0,252
6/10/22,0,253
6/11/22,0,254
6/12/22,0,255
6/13/22,0,256
6/14/22,0,257
6/15/22,0,258
6/16/22,0,259
6/17/22,0,260
6/18/22,0,261
6/19/22,0,262
6/20/22,0,263
6/21/22,0,264
6/22/22,0,265
6/23/22,0,266
6/24/22,0,267
6/25/22,0,268
6/26/22,0,269
6/27/22,0,270
6/28/22,0,271
6/29/22,0,272
6/30/22,0,273
7/1/22,0,274
7/2/22,0,275
7/3/22,0,276
7/4/22,0,277
7/5/22,0,278
7/6/22,0,279
7/7/22,0,280
7/8/22,0,281
7/9/22,0,282
7/10/22,0,283
7/11/22,0,284
7/12/22,0,285
7/13/22,0,286
7/14/22,0,287
7/15/22,0,288
7/16/22,0,289
7/17/22,0,290
7/18/22,0,291
7/19/22,0,292
7/20/22,0,293
7/21/22,0,294
7/22/22,0,295
7/23/22,0,296
7/24/22,0,297
7/25/22,0,298
7/26/22,0,299
7/27/22,0,300
7/28/22,0,301
7/29/22,0,302
7/30/22,0,303
7/31/22,0,304
8/1/22,0,305
8/2/22,0,306
8/3/22,0,307
8/4/22,0,308
8/5/22,0,309
8/6/22,0,310
8/7/22,0,311
8/8/22,0,312
8/9/22,0,313
8/10/22,0,314
8/11/22,0,315
8/12/22,0,316
8/13/22,0,317
8/14/22,0,318
8/15/22,0,319
8/16/22,0,320
8/17/22,0,321
8/18/22,0,322
8/19/22,0,323
8/20/22,0,324
8/21/22,0,325
8/22/22,0,326
8/23/22,0,327
8/24/22,0,328
8/25/22,0,329
8/26/22,0,330
8/27/22,0,331
8/28/22,0,332
8/29/22,0,333
8/30/22,0,334
8/31/22,0,335
9/1/22,0,336
9/2/22,0,337
9/3/22,0,338
9/4/22,0,339
9/5/22,0,340
9/6/22,0,341
9/7/22,0,342
9/8/22,0,343
9/9/22,0,344
9/10/22,0,345
9/11/22,0,346
9/12/22,0,347
9/13/22,0,348
9/14/22,0,349
9/15/22,0,350
9/16/22,0,351
9/17/22,0,352
9/18/22,0,353
9/19/22,0,354
9/20/22,0,355
9/21/22,0,356
9/22/22,0,357
9/23/22,0,358
9/24/22,0,359
9/25/22,0,360
9/26/22,0,361
9/27/22,0,362
9/28/22,0,363
9/29/22,0,364
9/30/22,0,365
10/1/22,0,1
10/2/22,0,2
10/3/22,0,3
10/4/22,0,4
10/5/22,0,5
10/6/22,0,6
10/7/22,0,7
10/8/22,0,8
10/9/22,0,9
10/10/22,0,10
10/11/22,0,11
10/12/22,0,12
10/13/22,0,13
10/14/22,0,14
10/15/22,0,15
10/16/22,0,16
10/17/22,0,17
10/18/22,0,18
10/19/22,0,19
10/20/22,0,20
10/21/22,0,21
10/22/22,0,22
10/23/22,0,23
10/24/22,0,24
10/25/22,0,25
10/26/22,0,26
10/27/22,0,27
10/28/22,0,28
10/29/22,0,29
10/30/22,0,30
10/31/22,1,31
11/1/22,1,32
11/2/22,1,33
11/3/22,1,34
11/4/22,1,35
11/5/22,1,36
11/6/22,1,37
11/7/22,1,38
11/8/22,1,39
11/9/22,1,40
11/10/22,1,41
11/11/22,1,42
11/12/22,1,43
11/13/22,1,44
11/14/22,1,45
11/15/22,1,46
11/16/22,1,47
11/17/22,1,48
11/18/22,1,49
11/19/22,1,50
11/20/22,1,51
11/21/22,1,52
11/22/22,1,53
11/23/22,1,54
11/24/22,1,55
11/25/22,1,56
11/26/22,1,57
11/27/22,1,58
11/28/22,1,59
11/29/22,1,60
11/30/22,1,61
12/1/22,1,62
12/2/22,1,63
12/3/22,1,64
12/4/22,1,65
12/5/22,1,66
12/6/22,1,67
12/7/22,1,68
12/8/22,1,69
12/9/22,1,70
12/10/22,1,71
12/11/22,1,72
12/12/22,1,73
12/13/22,1,74
12/14/22,1,75
12/15/22,1,76
12/16/22,1,77
12/17/22,1,78
12/18/22,1,79
12/19/22,1,80
12/20/22,1,81
12/21/22,1,82
12/22/22,1,83
12/23/22,1,84
12/24/22,1,85
12/25/22,1,86
12/26/22,1,87
12/27/22,1,88
12/28/22,1,89
12/29/22,1,90
12/30/22,1,91
12/31/22,1,92
1/1/23,1,93
1/2/23,1,94
1/3/23,1,95
1/4/23,1,96
1/5/23,1,97
1/6/23,1,98
1/7/23,1,99
1/8/23,1,100
1/9/23,1,101
1/10/23,1,102
1/11/23,1,103
1/12/23,1,104
1/13/23,1,105
1/14/23,1,106
1/15/23,1,107
1/16/23,1,108
1/17/23,1,109
1/18/23,1,110
1/19/23,1,111
1/20/23,1,112
1/21/23,1,113
1/22/23,1,114
1/23/23,1,115
1/24/23,1,116
1/25/23,1,117
1/26/23,1,118
1/27/23,1,119
1/28/23,1,120
1/29/23,1,121
1/30/23,1,122
1/31/23,1,123
2/1/23,1,124
2/2/23,1,125
2/3/23,1,126
2/4/23,1,127
2/5/23,1,128
2/6/23,1,129
2/7/23,1,130
2/8/23,1,131
2/9/23,1,132
2/10/23,1,133
2/11/23,1,134
2/12/23,1,135
2/13/23,1,136
2/14/23,1,137
2/15/23,1,138
2/16/23,1,139
2/17/23,1,140
2/18/23,1,141
2/19/23,1,142
2/20/23,1,143
2/21/23,1,144
2/22/23,1,145
2/23/23,1,146
2/24/23,1,147
2/25/23,1,148
2/26/23,1,149
2/27/23,1,150
2/28/23,1,151
3/1/23,1,152
3/2/23,1,153
3/3/23,1,154
3/4/23,1,155
3/5/23,1,156
3/6/23,1,157
3/7/23,1,158
3/8/23,1,159
3/9/23,1,160
3/10/23,1,161
3/11/23,1,162
3/12/23,1,163
3/13/23,1,164
3/14/23,1,165
3/15/23,1,166
3/16/23,1,167
3/17/23,1,168
3/18/23,1,169
3/19/23,1,170
3/20/23,1,171
3/21/23,1,172
3/22/23,1,173
3/23/23,1,174
3/24/23,1,175
3/25/23,1,176
3/26/23,1,177
3/27/23,1,178
3/28/23,1,179
3/29/23,1,180
3/30/23,1,181
3/31/23,1,182
4/1/23,1,183
4/2/23,1,184
4/3/23,1,185
4/4/23,1,186
4/5/23,1,187
4/6/23,1,188
4/7/23,1,189
4/8/23,1,190
4/9/23,1,191
4/10/23,1,192
4/11/23,1,193
4/12/23,1,194
4/13/23,1,195
4/14/23,1,196
4/15/23,1,197
4/16/23,1,198
4/17/23,1,199
4/18/23,1,200
4/19/23,1,201
4/20/23,1,202
4/21/23,1,203
4/22/23,1,204
4/23/23,1,205
4/24/23,1,206
4/25/23,1,207
4/26/23,1,208
4/27/23,1,209
4/28/23,1,210
4/29/23,1,211
4/30/23,1,212
5/1/23,1,213
5/2/23,1,214
5/3/23,1,215
5/4/23,1,216
5/5/23,1,217
5/6/23,1,218
5/7/23,1,219
5/8/23,1,220
5/9/23,1,221
5/10/23,1,222
5/11/23,1,223
5/12/23,1,224
5/13/23,1,225
5/14/23,1,226
5/15/23,1,227
5/16/23,1,228
5/17/23,1,229
5/18/23,1,230
5/19/23,1,231
5/20/23,1,232
5/21/23,1,233
5/22/23,1,234
5/23/23,1,235
5/24/23,1,236
5/25/23,1,237
5/26/23,1,238
5/27/23,1,239
5/28/23,1,240
5/29/23,1,241
5/30/23,1,242
5/31/23,0,243
6/1/23,0,244
6/2/23,0,245
6/3/23,0,246
6/4/23,0,247
6/5/23,0,248
6/6/23,0,249
6/7/23,0,250
6/8/23,0,251
6/9/23,0,252
6/10/23,0,253
6/11/23,0,254
6/12/23,0,255
6/13/23,0,256
6/14/23,0,257
6/15/23,0,258
6/16/23,0,259
6/17/23,0,260
6/18/23,0,261
6/19/23,0,262
6/20/23,0,263
6/21/23,0,264
6/22/23,0,265
6/23/23,0,266
6/24/23,0,267
6/25/23,0,268
6/26/23,0,269
6/27/23,0,270
6/28/23,0,271
6/29/23,0,272
6/30/23,0,273
7/1/23,0,274
7/2/23,0,275
7/3/23,0,276
7/4/23,0,277
7/5/23,0,278
7/6/23,0,279
7/7/23,0,280
7/8/23,0,281
7/9/23,0,282
7/10/23,0,283
7/11/23,0,284
7/12/23,0,285
7/13/23,0,286
7/14/23,0,287
7/15/23,0,288
7/16/23,0,289
7/17/23,0,290
7/18/23,0,291
7/19/23,0,292
7/20/23,0,293
7/21/23,0,294
7/22/23,0,295
7/23/23,0,296
7/24/23,0,297
7/25/23,0,298
7/26/23,0,299
7/27/23,0,300
7/28/23,0,301
7/29/23,0,302
7/30/23,0,303
7/31/23,0,304
8/1/23,0,305
8/2/23,0,306
8/3/23,0,307
8/4/23,0,308
8/5/23,0,309
8/6/23,0,310
8/7/23,0,311
8/8/23,0,312
8/9/23,0,313
8/10/23,0,314
8/11/23,0,315
8/12/23,0,316
8/13/23,0,317
8/14/23,0,318
8/15/23,0,319
8/16/23,0,320
8/17/23,0,321
8/18/23,0,322
8/19/23,0,323
8/20/23,0,324
8/21/23,0,325
8/22/23,0,326
8/23/23,0,327
8/24/23,0,328
8/25/23,0,329
8/26/23,0,330
8/27/23,0,331
8/28/23,0,332
8/29/23,0,333
8/30/23,0,334
8/31/23,0,335
9/1/23,0,336
9/2/23,0,337
9/3/23,0,338
9/4/23,0,339
9/5/23,0,340
9/6/23,0,341
9/7/23,0,342
9/8/23,0,343
9/9/23,0,344
9/10/23,0,345
9/11/23,0,346
9/12/23,0,347
9/13/23,0,348
9/14/23,0,349
9/15/23,0,350
9/16/23,0,351
9/17/23,0,352
9/18/23,0,353
9/19/23,0,354
9/20/23,0,355
9/21/23,0,356
9/22/23,0,357
9/23/23,0,358
9/24/23,0,359
9/25/23,0,360
9/26/23,0,361
9/27/23,0,362
9/28/23,0,363
9/29/23,0,364
9/30/23,0,365