Date,Temperature_C,cond_uScm
2011-10-01,9,13.71
2011-10-02,8.9,14.31
2011-10-03,8.8,14.29
2011-10-04,8.3,14.59
2011-10-05,7.3,
2011-10-06,5.4,
2011-10-07,2.3,
2011-10-08,1.3,12.54
2011-10-09,1.4,13.21
2011-10-10,1.6,13.61
2011-10-11,1.4,15.25
2011-10-12,1,14.59
2011-10-13,0.8,14.24
2011-10-14,1.7,13.17
2011-10-15,2.1,13.13
2011-10-16,2.7,13.48
2011-10-17,2.2,12.98
2011-10-18,1,13.06
2011-10-19,1.3,13.5
2011-10-20,1.4,13.53
2011-10-21,1.4,13.51
2011-10-22,1.7,13.43
2011-10-23,1.3,13.45
2011-10-24,1.2,13.5
2011-10-25,0.9,13.5
2011-10-26,0.6,13.44
2011-10-27,0.6,13.5
2011-10-28,0.7,13.5
2011-10-29,0.6,14.05
2011-10-30,0.9,14.62
2011-10-31,1.2,15.39
2011-11-01,1.4,15.48
2011-11-02,0.9,15.13
2011-11-03,1.6,14.4
2011-11-04,1.7,14.48
2011-11-05,1.5,14.59
2011-11-06,0.9,15.01
2011-11-07,1.2,15.71
2011-11-08,0.9,16.27
2011-11-09,0.8,16.56
2011-11-10,0.6,17.06
2011-11-11,0.7,17.52
2011-11-12,0.5,17.76
2011-11-13,0.3,17.78
2011-11-14,0.8,18.46
2011-11-15,0.8,18.2
2011-11-16,0.5,17.45
2011-11-17,0.6,17.66
2011-11-18,0.8,18.38
2011-11-19,0.7,18.47
2011-11-20,0.4,18.47
2011-11-21,0.5,18.47
2011-11-22,0.3,18.47
2011-11-23,0.5,18.47
2011-11-24,0.5,18.47
2011-11-25,0.6,18.99
2011-11-26,0.4,18.73
2011-11-27,0.5,18.48
2011-11-28,0.5,18.57
2011-11-29,0.5,19.46
2011-11-30,0.5,19.59
2011-12-01,0.5,19.8
2011-12-02,0.3,19.33
2011-12-03,0.4,19.27
2011-12-04,0.2,19.27
2011-12-05,0.4,18.73
2011-12-06,0.3,18.41
2011-12-07,0.4,18.45
2011-12-08,0.4,18.44
2011-12-09,0.4,18.71
2011-12-10,0.6,19.25
2011-12-11,0.5,19.05
2011-12-12,0.6,18.42
2011-12-13,0.6,18.38
2011-12-14,0.4,18.34
2011-12-15,0.3,18.31
2011-12-16,0.1,18.27
2011-12-17,0.2,18.23
2011-12-18,0.2,18.2
2011-12-19,0.1,18.16
2011-12-20,0,18.12
2011-12-21,-0.1,18.08
2011-12-22,0.1,18.05
2011-12-23,-0.1,18.01
2011-12-24,0,17.97
2011-12-25,0,17.94
2011-12-26,0,17.9
2011-12-27,0,17.86
2011-12-28,0,17.83
2011-12-29,-0.1,17.79
2011-12-30,0,17.75
2011-12-31,0,17.72
2012-01-01,0,17.68
2012-01-02,0,17.64
2012-01-03,0,17.61
2012-01-04,0,17.57
2012-01-05,0,17.53
2012-01-06,0,17.5
2012-01-07,0,17.46
2012-01-08,0,17.42
2012-01-09,0,17.39
2012-01-10,0,17.35
2012-01-11,0,17.31
2012-01-12,0,17.28
2012-01-13,0,17.24
2012-01-14,0,17.2
2012-01-15,0,17.17
2012-01-16,0,17.13
2012-01-17,0,17.09
2012-01-18,0,17.06
2012-01-19,0,17.02
2012-01-20,0,16.98
2012-01-21,0,16.94
2012-01-22,0,16.91
2012-01-23,0,16.87
2012-01-24,-0.1,16.83
2012-01-25,0,16.8
2012-01-26,-0.1,16.76
2012-01-27,-0.1,16.72
2012-01-28,0,16.69
2012-01-29,0,16.65
2012-01-30,0,16.61
2012-01-31,-0.1,16.58
2012-02-01,-0.1,16.54
2012-02-02,-0.1,16.5
2012-02-03,-0.1,16.47
2012-02-04,-0.1,16.43
2012-02-05,-0.1,16.39
2012-02-06,-0.1,16.36
2012-02-07,-0.1,16.32
2012-02-08,-0.1,16.28
2012-02-09,-0.1,16.25
2012-02-10,-0.1,16.21
2012-02-11,-0.1,16.17
2012-02-12,-0.1,16.14
2012-02-13,-0.1,16.1
2012-02-14,-0.1,16.06
2012-02-15,-0.1,16.03
2012-02-16,-0.1,15.99
2012-02-17,-0.1,15.95
2012-02-18,-0.1,15.92
2012-02-19,-0.1,15.88
2012-02-20,-0.1,15.84
2012-02-21,-0.1,15.8
2012-02-22,-0.1,15.77
2012-02-23,-0.1,15.73
2012-02-24,-0.1,15.69
2012-02-25,-0.1,15.66
2012-02-26,-0.1,15.62
2012-02-27,-0.1,15.58
2012-02-28,-0.1,15.55
2012-02-29,-0.1,15.51
2012-03-01,-0.1,15.47
2012-03-02,-0.1,15.44
2012-03-03,-0.1,15.4
2012-03-04,-0.1,15.36
2012-03-05,-0.1,15.33
2012-03-06,-0.1,15.29
2012-03-07,-0.1,15.25
2012-03-08,-0.1,15.22
2012-03-09,-0.1,15.18
2012-03-10,-0.1,15.14
2012-03-11,-0.1,15.11
2012-03-12,-0.1,15.07
2012-03-13,-0.1,15.03
2012-03-14,-0.1,15
2012-03-15,0,14.96
2012-03-16,0,14.92
2012-03-17,0,14.89
2012-03-18,0,14.85
2012-03-19,0.1,14.81
2012-03-20,0.1,14.78
2012-03-21,0.2,14.74
2012-03-22,0.3,14.7
2012-03-23,0.5,14.66
2012-03-24,0.8,14.63
2012-03-25,1.4,14.59
2012-03-26,1.7,14.55
2012-03-27,1.8,14.52
2012-03-28,2.1,14.48
2012-03-29,2.3,14.44
2012-03-30,2.3,14.41
2012-03-31,2.2,14.37
2012-04-01,2.2,14.33
2012-04-02,2.2,14.3
2012-04-03,1.3,14.26
2012-04-04,1.3,14.22
2012-04-05,1.4,14.19
2012-04-06,1.9,14.15
2012-04-07,2.8,14.11
2012-04-08,3.3,14.08
2012-04-09,3.6,14.04
2012-04-10,3.8,14.08
2012-04-11,3.9,14.74
2012-04-12,3.2,15.54
2012-04-13,1.2,16.33
2012-04-14,1.9,17.13
2012-04-15,1.8,17.92
2012-04-16,1.8,18.6
2012-04-17,2.5,18.52
2012-04-18,3.2,18.29
2012-04-19,3.1,18.07
2012-04-20,2.9,17.84
2012-04-21,2.2,17.62
2012-04-22,3.5,17.39
2012-04-23,4.4,17.16
2012-04-24,4.3,16.9
2012-04-25,4.4,16.64
2012-04-26,5.3,16.38
2012-04-27,3.3,16.11
2012-04-28,2.6,15.85
2012-04-29,3.7,15.59
2012-04-30,4.2,15.33
2012-05-01,3.4,15.06
2012-05-02,4,14.8
2012-05-03,5,14.54
2012-05-04,6.1,14.28
2012-05-05,6,14.02
2012-05-06,5.9,13.75
2012-05-07,4.2,13.49
2012-05-08,5.1,13.23
2012-05-09,7.3,12.92
2012-05-10,8,12.62
2012-05-11,6.5,12.26
2012-05-12,5.2,12.34
2012-05-13,5.2,12.36
2012-05-14,6.3,12.87
2012-05-15,8.5,13.13
2012-05-16,8.2,12.97
2012-05-17,7.8,12.7
2012-05-18,7.9,12.59
2012-05-19,5.5,12.12
2012-05-20,5.3,12.22
2012-05-21,6.9,12.92
2012-05-22,7.5,13
2012-05-23,5.7,12.63
2012-05-24,3.6,12.42
2012-05-25,3.4,12.78
2012-05-26,5.1,13.56
2012-05-27,5.1,13.93
2012-05-28,4.2,13.96
2012-05-29,6,14.26
2012-05-30,7.3,14.35
2012-05-31,7.9,14.16
2012-06-01,7.7,13.88
2012-06-02,7.7,13.57
2012-06-03,7.6,13.4
2012-06-04,8.7,13.7
2012-06-05,8.6,13.67
2012-06-06,8.5,13.63
2012-06-07,9.8,13.83
2012-06-08,10.8,13.68
2012-06-09,9.6,13.38
2012-06-10,8.6,13.04
2012-06-11,8.3,13.1
2012-06-12,9.7,13.27
2012-06-13,10.5,13.24
2012-06-14,10.9,13.17
2012-06-15,10.8,12.94
2012-06-16,10.3,12.76
2012-06-17,10.1,12.44
2012-06-18,10.1,12.23
2012-06-19,10.5,12.03
2012-06-20,11.4,11.83
2012-06-21,11.9,11.82
2012-06-22,12.4,11.74
2012-06-23,11.4,11.4
2012-06-24,11.8,11.34
2012-06-25,12.4,11.24
2012-06-26,12.8,11.01
2012-06-27,11.9,10.63
2012-06-28,11.8,10.47
2012-06-29,11.9,10.34
2012-06-30,12,10.16
2012-07-01,12.1,10
2012-07-02,12.7,10.06
2012-07-03,12.9,10.08
2012-07-04,12.5,10
2012-07-05,12.2,9.91
2012-07-06,10.8,9.59
2012-07-07,10,9.5
2012-07-08,9.7,10.24
2012-07-09,10.2,10.95
2012-07-10,11.4,11.28
2012-07-11,11.9,11.25
2012-07-12,12.2,11.25
2012-07-13,13.1,11.28
2012-07-14,12.7,11.1
2012-07-15,12,10.67
2012-07-16,12,10.68
2012-07-17,12.2,10.46
2012-07-18,13.5,10.45
2012-07-19,13.2,10.46
2012-07-20,13.2,10.39
2012-07-21,13.8,10.5
2012-07-22,13.5,10.32
2012-07-23,13.6,10.07
2012-07-24,13.4,10.03
2012-07-25,12.5,9.73
2012-07-26,12.2,10.02
2012-07-27,12.2,10.54
2012-07-28,12.1,10.79
2012-07-29,12.4,10.93
2012-07-30,12.1,11.09
2012-07-31,12.5,11.26
2012-08-01,12.7,11.44
2012-08-02,12.5,11.38
2012-08-03,11.6,11.12
2012-08-04,12.3,11.25
2012-08-05,13.5,11.46
2012-08-06,13.3,11.61
2012-08-07,13.6,11.62
2012-08-08,13.9,11.67
2012-08-09,13.9,11.51
2012-08-10,13.8,11.67
2012-08-11,12.8,11.6
2012-08-12,12.9,11.56
2012-08-13,11.9,11.3
2012-08-14,11.4,11.43
2012-08-15,12,11.6
2012-08-16,12.8,11.61
2012-08-17,13,11.71
2012-08-18,13.1,11.77
2012-08-19,13.6,11.79
2012-08-20,13.2,11.79
2012-08-21,12.9,11.78
2012-08-22,12.7,11.82
2012-08-23,12.4,11.77
2012-08-24,12.3,11.84
2012-08-25,12.3,11.92
2012-08-26,12.9,11.97
2012-08-27,12.9,12
2012-08-28,13.2,12.1
2012-08-29,13.2,12.11
2012-08-30,12.1,12.02
2012-08-31,12.3,12.02
2012-09-01,12.7,12.14
2012-09-02,12.4,12.2
2012-09-03,12,12.16
2012-09-04,11.5,12.24
2012-09-05,11.7,12.47
2012-09-06,11.3,12.62
2012-09-07,10.8,12.85
2012-09-08,10.9,12.99
2012-09-09,11.6,13.32
2012-09-10,11.4,13.51
2012-09-11,10.8,13.54
2012-09-12,9.8,14.13
2012-09-13,9.3,14.74
2012-09-14,9.8,15.56
2012-09-15,10.3,16.11
2012-09-16,10,16.28
2012-09-17,9.4,16.58
2012-09-18,8.6,16.65
2012-09-19,8.5,16.91
2012-09-20,9.2,16.88
2012-09-21,9.5,16.98
2012-09-22,10.1,17.17
2012-09-23,9.7,17.3
2012-09-24,8.4,16.99
2012-09-25,6.9,16.75
2012-09-26,6.5,16.42
2012-09-27,6.5,17.47
2012-09-28,6.6,18.53
2012-09-29,7.4,18.99
2012-09-30,7.5,19.32
2012-10-01,7.8,19.49
2012-10-02,6.8,19.52
2012-10-03,6.1,19.48
2012-10-04,5.3,19.44
2012-10-05,4.3,19.43
2012-10-06,3.4,19.57
2012-10-07,1.9,19.46
2012-10-08,0.9,19.52
2012-10-09,1.5,19.73
2012-10-10,2,19.74
2012-10-11,2.8,19.76
2012-10-12,3.2,19.7
2012-10-13,1.5,19
2012-10-14,1.9,18.99
2012-10-15,2.1,19.07
2012-10-16,2,18.96
2012-10-17,0.7,18.88
2012-10-18,0.3,19.48
2012-10-19,0.5,19.76
2012-10-20,0.6,19.67
2012-10-21,0.8,19.57
2012-10-22,1.4,19.45
2012-10-23,1.1,19.19
2012-10-24,1,18.98
2012-10-25,0.6,19.09
2012-10-26,0.6,18.96
2012-10-27,0.5,19.52
2012-10-28,0.7,20.18
2012-10-29,1.2,20.67
2012-10-30,1.6,20.81
2012-10-31,2.3,20.34
2012-11-01,3,19.84
2012-11-02,3.1,20.05
2012-11-03,2.9,20.28
2012-11-04,2.6,20.49
2012-11-05,2.3,20.39
2012-11-06,1.9,19.94
2012-11-07,1.3,19.53
2012-11-08,1,19.47
2012-11-09,0.9,19.45
2012-11-10,0.3,19.18
2012-11-11,0.2,19.27
2012-11-12,0.3,19.88
2012-11-13,0.6,20.72
2012-11-14,0.8,21.1
2012-11-15,1.1,21.27
2012-11-16,1.1,21.58
2012-11-17,1.3,21.39
2012-11-18,1.4,21.39
2012-11-19,1.2,21.65
2012-11-20,1.2,21.98
2012-11-21,1.4,21.89
2012-11-22,1.3,21.88
2012-11-23,1.2,22.21
2012-11-24,1.4,22.21
2012-11-25,1.4,22.63
2012-11-26,0.9,23.07
2012-11-27,0.7,23.53
2012-11-28,0.8,23.95
2012-11-29,1,23.47
2012-11-30,0.9,23.24
2012-12-01,0.9,23.4
2012-12-02,0.4,23.36
2012-12-03,0.3,23.6
2012-12-04,0.2,23.78
2012-12-05,0.4,23.59
2012-12-06,0.3,23.07
2012-12-07,0.1,23.36
2012-12-08,0,23.39
2012-12-09,0.1,23.41
2012-12-10,0,23.52
2012-12-11,0.2,23.82
2012-12-12,0.3,24.03
2012-12-13,0.4,24.56
2012-12-14,0.5,24.54
2012-12-15,0.4,24.74
2012-12-16,0.4,25.24
2012-12-17,0.4,25.73
2012-12-18,0.4,26.5
2012-12-19,0.4,26.46
2012-12-20,0.3,24.73
2012-12-21,0.4,24.21
2012-12-22,0.5,24.95
2012-12-23,0.5,25.77
2012-12-24,0.4,28.17
2012-12-25,0.4,27.64
2012-12-26,0.3,27.42
2012-12-27,0.3,29.45
2012-12-28,0.2,29.71
2012-12-29,0.2,29.7
2012-12-30,0.3,29.57
2012-12-31,0.3,29.44
2013-01-01,0.2,29.31
2013-01-02,0.2,29.18
2013-01-03,0.2,29.05
2013-01-04,0.2,28.92
2013-01-05,0.1,28.79
2013-01-06,0.2,28.66
2013-01-07,0.1,28.53
2013-01-08,0,28.4
2013-01-09,0.1,28.28
2013-01-10,0.1,28.15
2013-01-11,0,28.02
2013-01-12,0,27.89
2013-01-13,0,27.76
2013-01-14,0,27.63
2013-01-15,0,27.5
2013-01-16,0,27.37
2013-01-17,0,27.24
2013-01-18,0,27.11
2013-01-19,0,26.98
2013-01-20,0,26.85
2013-01-21,0,26.72
2013-01-22,0,26.59
2013-01-23,0,26.46
2013-01-24,0,26.33
2013-01-25,0,26.2
2013-01-26,0,26.07
2013-01-27,0,25.94
2013-01-28,0,25.82
2013-01-29,0,25.69
2013-01-30,0,25.56
2013-01-31,0,25.43
2013-02-01,0,25.3
2013-02-02,0,25.17
2013-02-03,0,25.04
2013-02-04,0,24.91
2013-02-05,0,24.78
2013-02-06,0,24.65
2013-02-07,0,24.52
2013-02-08,0,24.39
2013-02-09,0,24.26
2013-02-10,0,24.13
2013-02-11,0,24
2013-02-12,0.1,23.87
2013-02-13,0.1,23.74
2013-02-14,0.1,23.61
2013-02-15,0.1,23.48
2013-02-16,0.1,23.35
2013-02-17,0.1,23.23
2013-02-18,0.1,23.1
2013-02-19,0.1,22.97
2013-02-20,0.1,22.84
2013-02-21,0.1,22.71
2013-02-22,0.1,22.58
2013-02-23,0.1,22.45
2013-02-24,0.1,22.32
2013-02-25,0.1,22.19
2013-02-26,0.1,22.06
2013-02-27,0.1,21.93
2013-02-28,0.1,21.8
2013-03-01,0.1,21.67
2013-03-02,0.1,21.54
2013-03-03,0.1,21.41
2013-03-04,0.1,21.28
2013-03-05,0.1,21.15
2013-03-06,0.1,21.02
2013-03-07,0.1,20.89
2013-03-08,0.1,20.77
2013-03-09,0.1,20.64
2013-03-10,0.1,20.51
2013-03-11,0.1,20.38
2013-03-12,0.1,20.27
2013-03-13,0.1,20.29
2013-03-14,0.1,20.34
2013-03-15,0.1,20.4
2013-03-16,0.1,20.45
2013-03-17,0.1,20.5
2013-03-18,0.1,20.56
2013-03-19,0.1,20.61
2013-03-20,0.1,20.67
2013-03-21,0.1,20.72
2013-03-22,0.1,20.77
2013-03-23,0.1,20.83
2013-03-24,0.1,20.88
2013-03-25,0.1,20.93
2013-03-26,0.1,20.99
2013-03-27,0.1,21.04
2013-03-28,0.1,21.09
2013-03-29,0,21.15
2013-03-30,0,21.2
2013-03-31,0,21.25
2013-04-01,0,21.31
2013-04-02,0.1,21.36
2013-04-03,0.1,21.41
2013-04-04,0.1,21.47
2013-04-05,0,21.52
2013-04-06,0,21.57
2013-04-07,0.1,21.63
2013-04-08,0.1,21.68
2013-04-09,0.1,21.73
2013-04-10,0.1,21.79
2013-04-11,0.1,21.84
2013-04-12,0.1,21.91
2013-04-13,0.1,22.07
2013-04-14,0.1,22.26
2013-04-15,0.1,22.45
2013-04-16,0.1,22.64
2013-04-17,0.1,22.83
2013-04-18,0.1,23.02
2013-04-19,0.1,23.21
2013-04-20,0.1,23.4
2013-04-21,0,23.59
2013-04-22,0,23.78
2013-04-23,0,23.97
2013-04-24,0,24.18
2013-04-25,0,24.38
2013-04-26,0,24.58
2013-04-27,0,24.78
2013-04-28,0,24.98
2013-04-29,0,25.18
2013-04-30,0,25.38
2013-05-01,0.1,25.58
2013-05-02,0.1,25.79
2013-05-03,0.1,25.99
2013-05-04,0.1,26.19
2013-05-05,0.1,26.39
2013-05-06,0.1,26.59
2013-05-07,0.1,26.67
2013-05-08,0.1,25.88
2013-05-09,0.2,24.92
2013-05-10,0.1,23.96
2013-05-11,0.1,22.97
2013-05-12,0.1,21.53
2013-05-13,0.2,19.33
2013-05-14,0.3,17.57
2013-05-14,0.3,16.88
2013-05-15,0.2,18.33
2013-05-16,0.3,17.15
2013-05-17,0.5,16.27
2013-05-18,0.4,16.08
2013-05-19,0.5,17.16
2013-05-20,0.5,17.07
2013-05-21,0.8,17.58
2013-05-22,1.7,17.29
2013-05-23,1.9,16.26
2013-05-24,1.7,14.84
2013-05-25,1.9,14.36
2013-05-26,1.9,14.33
2013-05-27,1.8,14.64
2013-05-28,2.3,14.83
2013-05-29,1.7,14.76
2013-05-30,1.1,15.08
2013-05-31,1.2,15.27
2013-06-01,1.7,15.33
2013-06-02,3.9,15.55
2013-06-03,3.7,14.79
2013-06-04,4,14.8
2013-06-05,4.8,14.82
2013-06-06,4.5,14.52
2013-06-07,5,14.86
2013-06-08,5.3,14.53
2013-06-09,5.5,14.69
2013-06-10,5.7,14.69
2013-06-11,5.8,14.55
2013-06-12,6.1,14.31
2013-06-13,6.5,14.15
2013-06-14,6.9,13.99
2013-06-15,6.9,13.87
2013-06-16,6.7,13.89
2013-06-17,6.6,13.9
2013-06-18,7.1,14.04
2013-06-19,8.6,14.1
2013-06-20,8.4,14
2013-06-21,9.1,13.98
2013-06-22,9.3,13.87
2013-06-23,9.1,13.74
2013-06-24,9.4,13.62
2013-06-25,8.8,13.5
2013-06-26,9.7,13.47
2013-06-27,10.8,13.39
2013-06-28,11.6,13.28
2013-06-29,10.9,13.01
2013-06-30,10.2,12.77
2013-07-01,9.9,12.66
2013-07-02,9.8,12.57
2013-07-03,9.9,12.55
2013-07-04,10.2,12.57
2013-07-05,10.3,12.37
2013-07-06,9.6,12.17
2013-07-07,9.6,12.43
2013-07-08,10.1,12.64
2013-07-09,10.4,12.69
2013-07-10,10.7,12.83
2013-07-11,11.9,13.03
2013-07-12,11.5,12.88
2013-07-13,11.7,12.7
2013-07-14,10.8,12.47
2013-07-15,10.3,12.72
2013-07-16,11.4,12.97
2013-07-17,12.4,13.1
2013-07-18,12.1,12.99
2013-07-19,11.6,12.84
2013-07-20,12.3,12.93
2013-07-21,12.6,12.95
2013-07-22,12.9,12.97
2013-07-23,13.3,13.12
2013-07-24,13.4,13.13
2013-07-25,12.4,13.04
2013-07-26,11.8,12.89
2013-07-27,12.1,12.93
2013-07-28,11.6,12.82
2013-07-29,10.8,12.81
2013-07-30,11.1,12.94
2013-07-31,12.1,13.09
2013-08-01,12.2,13.29
2013-08-02,11.9,13.44
2013-08-03,12.9,13.62
2013-08-04,12.6,13.73
2013-08-05,11.9,13.47
2013-08-06,11.2,13.64
2013-08-07,10.5,13.74
2013-08-08,9.9,13.74
2013-08-09,10,13.37
2013-08-10,10.7,13.46
2013-08-11,11.4,13.52
2013-08-12,11.5,13.61
2013-08-13,10.8,13.48
2013-08-14,10.8,13.54
2013-08-15,11.5,13.88
2013-08-16,12.1,14.08
2013-08-17,12.4,14.13
2013-08-18,12.4,14.26
2013-08-19,12.8,14.39
2013-08-20,13,14.44
2013-08-21,13.5,14.5
2013-08-22,13.8,14.42
2013-08-23,13.3,14.25
2013-08-24,12.9,14.11
2013-08-25,13.2,14.04
2013-08-26,13.6,13.89
2013-08-27,13.7,13.87
2013-08-28,13.2,13.87
2013-08-29,12.7,13.97
2013-08-30,13.1,13.97
2013-08-31,12.7,14.01
2013-09-01,12.4,14.16
2013-09-02,12.9,14.75
2013-09-03,13.4,15.09
2013-09-04,13.5,15.28
2013-09-05,13.2,15.5
2013-09-06,12.7,15.79
2013-09-07,12.3,16.01
2013-09-08,12.4,16.3
2013-09-09,11.4,16.47
2013-09-10,10.7,16.58
2013-09-11,9.5,17.37
2013-09-12,7,16.87
2013-09-13,6.6,17.58
2013-09-14,6.8,18.33
2013-09-15,6.6,18.59
2013-09-16,6.5,18.65
2013-09-17,7.3,19.15
2013-09-18,7.4,19.2
2013-09-19,6.6,19.27
2013-09-20,6.4,19.68
2013-09-21,6.5,20.15
2013-09-22,6.5,20.2
2013-09-23,4,19.99
2013-09-24,3,20.18
2013-09-25,4.2,20.31
2013-09-26,5.4,20.49
2013-09-27,4.6,20.45
2013-09-28,1.5,20.45
2013-09-29,1.7,20.48
2013-09-30,2.4,20.62
2013-10-01,3.1,20.63
2013-10-02,3.3,20.68
2013-10-03,3.1,20.74
2013-10-04,1.2,20.79
2013-10-05,0,20.84
2013-10-06,0.7,20.9
2013-10-07,1.7,20.95
2013-10-08,2.3,21.04
2013-10-09,3.2,21.1
2013-10-10,3.4,21.02
2013-10-11,0.2,20.78
2013-10-12,0.5,20.88
2013-10-13,1.7,21.08
2013-10-14,2.1,20.91
2013-10-15,2.1,21.25
2013-10-16,2,21.63
2013-10-17,2.3,22.06
2013-10-18,2.5,22.13
2013-10-19,2.5,21.93
2013-10-20,2.9,22.06
2013-10-21,2.7,22.65
2013-10-22,2.9,22.51
2013-10-23,3.5,22.45
2013-10-24,3.8,22.36
2013-10-25,3.9,22.24
2013-10-26,3.9,21.95
2013-10-27,3.5,21.96
2013-10-28,3.7,21.97
2013-10-29,3.4,21.98
2013-10-30,2.7,21.99
2013-10-31,1.6,22.01
2013-11-01,1.4,22.02
2013-11-02,1.3,22.03
2013-11-03,1.4,22.04
2013-11-04,1.4,22.05
2013-11-05,1.3,22.06
2013-11-06,0.9,22.07
2013-11-07,1.6,22.08
2013-11-08,2.1,22.09
2013-11-09,2.5,22.1
2013-11-10,2.9,22.11
2013-11-11,2.8,22.13
2013-11-12,3,22.14
2013-11-13,2.6,22.15
2013-11-14,2.6,22.16
2013-11-15,2.5,22.17
2013-11-16,1.2,22.18
2013-11-17,0.9,22.19
2013-11-18,1.5,22.2
2013-11-19,1.8,22.21
2013-11-20,2,22.22
2013-11-21,1.8,22.23
2013-11-22,1.6,22.25
2013-11-23,1.6,22.26
2013-11-24,1.6,22.27
2013-11-25,1.5,22.28
2013-11-26,1,22.29
2013-11-27,0.7,22.3
2013-11-28,1.1,22.31
2013-11-29,0.6,22.32
2013-11-30,0.7,22.33
2013-12-01,0.7,22.34
2013-12-02,0.6,22.35
2013-12-03,0.6,22.36
2013-12-04,0.6,22.38
2013-12-05,0.5,22.39
2013-12-06,0.5,22.4
2013-12-07,0.5,22.41
2013-12-08,0.5,22.42
2013-12-09,0.4,22.43
2013-12-10,0.5,22.44
2013-12-11,0.5,22.45
2013-12-12,0.6,22.46
2013-12-13,0.6,22.47
2013-12-14,0.5,22.48
2013-12-15,0.7,22.5
2013-12-16,0.7,22.51
2013-12-17,0.7,22.52
2013-12-18,0.8,22.53
2013-12-19,0.8,22.54
2013-12-20,0.7,22.55
2013-12-21,0.5,22.56
2013-12-22,0.5,22.57
2013-12-23,0.4,22.58
2013-12-24,0.3,22.59
2013-12-25,0.3,22.6
2013-12-26,0.4,22.62
2013-12-27,0.5,22.63
2013-12-28,0.4,22.64
2013-12-29,0.4,22.65
2013-12-30,0.3,22.66
2013-12-31,0.3,22.67
2014-01-01,0.3,22.68
2014-01-02,0.3,22.69
2014-01-03,0.3,22.7
2014-01-04,0.2,22.71
2014-01-05,0.2,22.72
2014-01-06,0.1,22.74
2014-01-07,0.2,22.75
2014-01-08,0.3,22.76
2014-01-09,0.3,22.77
2014-01-10,0.3,22.78
2014-01-11,0.3,22.79
2014-01-12,0.2,22.8
2014-01-13,0.2,22.81
2014-01-14,0.2,22.82
2014-01-15,0.2,22.83
2014-01-16,0.2,22.84
2014-01-17,0.2,22.86
2014-01-18,0.2,22.87
2014-01-19,0.3,22.88
2014-01-20,0.3,22.89
2014-01-21,0.2,22.9
2014-01-22,0.3,
2014-01-23,0.3,
2014-01-24,0.2,
2014-01-25,0.2,
2014-01-26,0.3,
2014-01-27,0.3,
2014-01-28,0.2,
2014-01-29,0.2,
2014-01-30,0.2,
2014-01-31,0.2,
2014-02-01,0.2,
2014-02-02,0.2,
2014-02-03,0.2,23.42
2014-02-04,0.2,
2014-02-05,0.2,
2014-02-06,0.2,
2014-02-07,0.2,
2014-02-08,0.1,
2014-02-09,0.1,
2014-02-10,0.1,
2014-02-11,0.1,
2014-02-12,0.1,
2014-02-13,0.1,
2014-02-14,0.1,
2014-02-15,0.1,
2014-02-16,0.1,
2014-02-17,0.1,
2014-02-18,0.1,24.02
2014-02-19,0.1,24.06
2014-02-20,0.1,24.1
2014-02-21,0.1,
2014-02-22,0.1,
2014-02-23,0.1,
2014-02-24,0.1,
2014-02-25,0.1,
2014-02-26,0.1,
2014-02-27,0.1,24.38
2014-02-28,0.1,24.42
2014-03-01,0.1,
2014-03-02,0.1,
2014-03-03,0.1,24.54
2014-03-04,0.1,24.58
2014-03-05,0.1,24.62
2014-03-06,0.1,24.66
2014-03-07,0.2,24.7
2014-03-08,0.2,24.74
2014-03-09,0.2,24.78
2014-03-10,0.1,24.82
2014-03-11,0.1,24.86
2014-03-12,0.2,24.9
2014-03-13,0.2,24.94
2014-03-14,0.2,24.98
2014-03-15,0.3,25.02
2014-03-16,0.2,25.06
2014-03-17,0.3,25.1
2014-03-18,0.3,25.14
2014-03-19,0.3,25.18
2014-03-20,0.3,25.22
2014-03-21,0.4,25.26
2014-03-22,0.4,25.3
2014-03-23,0.3,25.34
2014-03-24,0.3,25.38
2014-03-25,0.3,25.42
2014-03-26,0.4,25.46
2014-03-27,0.5,25.5
2014-03-28,0.4,25.54
2014-03-29,0.3,25.58
2014-03-30,0.4,25.62
2014-03-31,0.4,25.66
2014-04-01,0.4,25.7
2014-04-02,0.3,25.74
2014-04-03,0.3,25.78
2014-04-04,0.2,25.82
2014-04-05,0.2,25.86
2014-04-06,0.2,25.9
2014-04-07,0.2,25.94
2014-04-08,0.2,25.98
2014-04-09,0.2,26.02
2014-04-10,0.3,26.06
2014-04-11,0.7,26.1
2014-04-12,1.1,26.14
2014-04-13,1.5,26.18
2014-04-14,1.3,26.22
2014-04-15,1.1,26.26
2014-04-16,1.7,26.3
2014-04-17,2.1,26.34
2014-04-18,2.2,26.38
2014-04-19,2.3,26.42
2014-04-20,2.4,26.46
2014-04-21,2.6,26.5
2014-04-22,2.7,26.54
2014-04-23,2.2,26.58
2014-04-24,1,26.62
2014-04-25,1,26.66
2014-04-26,2,26.7
2014-04-27,1.3,26.74
2014-04-28,0.5,26.78
2014-04-29,0.8,26.82
2014-04-30,1,26.86
2014-05-01,1.2,26.9
2014-05-02,1.6,26.94
2014-05-03,2.1,26.98
2014-05-04,2.9,27.02
2014-05-05,2.4,27.06
2014-05-06,1.7,27.05
2014-05-07,2.1,26.85
2014-05-08,2,26.53
2014-05-09,0.9,26.17
2014-05-10,0.9,26.12
2014-05-11,1.4,26.22
2014-05-12,1.6,26.3
2014-05-13,1.8,26.48
2014-05-14,2.1,26.62
2014-05-15,2.5,26.76
2014-05-16,2.8,26.91
2014-05-17,3.4,27.05
2014-05-18,3.6,27.2
2014-05-19,2.7,27.04
2014-05-20,4,26.22
2014-05-21,4.2,24.41
2014-05-22,4.2,22.99
2014-05-23,3.6,21.45
2014-05-24,3.2,19.9
2014-05-25,1.8,18.79
2014-05-26,2.2,18.05
2014-05-27,3.5,16.63
2014-05-28,4,15.81
2014-05-29,3.6,15.22
2014-05-30,2.8,15.11
2014-05-31,2.8,15.09
2014-06-01,3.5,14.85
2014-06-02,4.5,14.73
2014-06-03,5,14.36
2014-06-04,5.1,14
2014-06-05,5,13.95
2014-06-06,4.5,14.19
2014-06-07,4.7,14.29
2014-06-08,4.6,14.04
2014-06-09,4.6,14.16
2014-06-10,5.3,14.05
2014-06-11,4.9,13.76
2014-06-12,5.4,13.61
2014-06-13,6,13.14
2014-06-14,5.7,13.02
2014-06-15,4.5,13.24
2014-06-16,5.4,13.48
2014-06-17,6.4,13.34
2014-06-18,6.6,13.05
2014-06-19,6.1,12.91
2014-06-20,7.2,12.93
2014-06-21,7.6,12.74
2014-06-22,7.3,12.73
2014-06-23,7.7,12.68
2014-06-24,8,12.51
2014-06-25,8.2,12.27
2014-06-26,8.5,12.24
2014-06-27,8.3,12.03
2014-06-28,7.7,11.82
2014-06-29,8,11.75
2014-06-30,8.8,11.57
2014-07-01,8.4,11.49
2014-07-02,9.3,11.46
2014-07-03,10.2,11.34
2014-07-04,9,11.25
2014-07-05,9.2,11.16
2014-07-06,9.3,10.96
2014-07-07,9.8,10.86
2014-07-08,9.9,10.66
2014-07-09,10.2,10.47
2014-07-10,10.4,10.3
2014-07-11,10,10.07
2014-07-12,9.4,9.84
2014-07-13,9.5,9.7
2014-07-14,10,9.82
2014-07-15,10.7,9.74
2014-07-16,10,9.84
2014-07-17,8.8,10.11
2014-07-18,9.4,10.19
2014-07-19,10.9,10.1
2014-07-20,11,10
2014-07-21,10.5,10.02
2014-07-22,11.7,9.95
2014-07-23,12.2,9.76
2014-07-24,11.7,9.46
2014-07-25,11.8,9.27
2014-07-26,10.9,9.33
2014-07-27,10.6,9.26
2014-07-28,11.1,9.36
2014-07-29,10.1,9.54
2014-07-30,7.9,10.36
2014-07-31,6.2,11.36
2014-08-01,6.8,11.86
2014-08-02,8.1,12.2
2014-08-03,9.5,12.17
2014-08-04,10,12.09
2014-08-05,9.8,11.82
2014-08-06,10.1,11.65
2014-08-07,10.3,11.62
2014-08-08,10.4,11.55
2014-08-09,10.4,11.54
2014-08-10,10.5,11.58
2014-08-11,10.8,11.58
2014-08-12,11.5,11.61
2014-08-13,11.6,11.7
2014-08-14,11.6,11.7
2014-08-15,11,11.56
2014-08-16,11.2,11.44
2014-08-17,11.5,11.39
2014-08-18,12,11.44
2014-08-19,11.7,11.5
2014-08-20,11.5,11.52
2014-08-21,10.7,11.51
2014-08-22,10.5,11.61
2014-08-23,9.3,11.51
2014-08-24,7.7,11.49
2014-08-25,9,11.67
2014-08-26,10.1,11.88
2014-08-27,10.5,12.1
2014-08-28,8.7,12.25
2014-08-29,8.3,12.48
2014-08-30,8.9,12.61
2014-08-31,8.4,12.67
2014-09-01,7.7,12.87
2014-09-02,8.1,13.17
2014-09-03,9.3,13.48
2014-09-04,9.3,13.67
2014-09-05,9.4,13.64
2014-09-06,10,13.54
2014-09-07,10.1,13.56
2014-09-08,8.9,13.63
2014-09-09,8.7,13.48
2014-09-10,7.9,13.82
2014-09-11,7,14.58
2014-09-12,6.7,14.89
2014-09-13,6.2,15.25
2014-09-14,7,15.43
2014-09-15,7.5,15.58
2014-09-16,8.4,15.66
2014-09-17,9.1,15.77
2014-09-18,9.7,15.78
2014-09-19,10.3,15.8
2014-09-20,10.9,15.78
2014-09-21,11,15.78
2014-09-22,9.6,15.48
2014-09-23,8,15.35
2014-09-24,8.3,15.77
2014-09-25,9.6,15.97
2014-09-26,10.2,16.24
2014-09-27,10.5,16.48
2014-09-28,9.4,16.55
2014-09-29,7.7,16.46
2014-09-30,4,16.42
2014-10-01,2.7,16.73
2014-10-02,1.6,17.01
2014-10-03,1.3,17.27
2014-10-04,1.3,17.5
2014-10-05,2.2,17.58
2014-10-06,3.1,17.6
2014-10-07,3.7,17.69
2014-10-08,4.8,17.69
2014-10-09,4.7,17.66
2014-10-10,4.2,17.66
2014-10-11,4.5,17.63
2014-10-12,3.3,17.69
2014-10-13,2,17.85
2014-10-14,1.5,18.08
2014-10-15,2.2,18.22
2014-10-16,2.4,17.74
2014-10-17,3,17.84
2014-10-18,3.3,17.99
2014-10-19,3.9,18.13
2014-10-20,4,18.28
2014-10-21,4.1,18.42
2014-10-22,3.3,18.57
2014-10-23,2.7,18.71
2014-10-24,2.7,18.86
2014-10-25,2.7,19.01
2014-10-26,2.8,19.15
2014-10-27,0.6,19.3
2014-10-28,0,19.44
2014-10-29,0,19.59
2014-10-30,0.3,19.73
2014-10-31,1.1,19.88
2014-11-01,1.6,20.02
2014-11-02,1.1,20.17
2014-11-03,0.2,20.31
2014-11-04,0,20.46
2014-11-05,-0.1,20.61
2014-11-06,0.5,20.75
2014-11-07,0.3,20.9
2014-11-08,0,21.04
2014-11-09,0.3,21.19
2014-11-10,0,21.33
2014-11-11,0,21.48
2014-11-12,0,21.62
2014-11-13,0,21.77
2014-11-14,0,21.91
2014-11-15,0,22.06
2014-11-16,0,22.21
2014-11-17,0,22.35
2014-11-18,0,22.5
2014-11-19,0,22.64
2014-11-20,0,22.79
2014-11-21,0,22.93
2014-11-22,0,23.08
2014-11-23,-0.1,23.22
2014-11-24,-0.1,23.37
2014-11-25,-0.1,23.51
2014-11-26,-0.1,23.66
2014-11-27,-0.1,23.81
2014-11-28,-0.1,23.95
2014-11-29,-0.1,24.1
2014-11-30,-0.1,24.24
2014-12-01,-0.1,
2014-12-02,-0.1,
2014-12-03,-0.1,24.67
2014-12-04,-0.1,24.71
2014-12-05,-0.1,24.72
2014-12-06,-0.1,24.73
2014-12-07,-0.1,24.74
2014-12-08,0,24.74
2014-12-09,0,24.75
2014-12-10,0,24.76
2014-12-11,0,24.77
2014-12-12,0,24.78
2014-12-13,0,24.79
2014-12-14,0,24.8
2014-12-15,0,24.81
2014-12-16,0,24.82
2014-12-17,0,24.83
2014-12-18,0,24.84
2014-12-19,0,24.84
2014-12-20,0,24.85
2014-12-21,0,24.86
2014-12-22,0.1,24.87
2014-12-23,0.1,24.88
2014-12-24,0.1,24.89
2014-12-25,0.1,24.9
2014-12-26,0.1,24.91
2014-12-27,0.1,24.92
2014-12-28,0.1,24.93
2014-12-29,0.1,24.94
2014-12-30,0.1,24.94
2014-12-31,0.1,24.95
2015-01-01,0.1,24.96
2015-01-02,0.1,24.97
2015-01-03,0.1,24.98
2015-01-04,0.1,24.99
2015-01-05,0.2,25
2015-01-06,0.2,25.01
2015-01-07,0.2,25.02
2015-01-08,0.2,25.03
2015-01-09,0.2,25.04
2015-01-10,0.2,25.04
2015-01-11,0.2,25.05
2015-01-12,0.2,25.06
2015-01-13,0.2,25.07
2015-01-14,0.2,25.08
2015-01-15,0.2,25.09
2015-01-16,0.2,25.1
2015-01-17,0.2,25.11
2015-01-18,0.3,25.12
2015-01-19,0.3,25.13
2015-01-20,0.2,25.14
2015-01-21,0.2,25.14
2015-01-22,0.2,25.15
2015-01-23,0.2,25.16
2015-01-24,0.1,25.17
2015-01-25,0.1,25.18
2015-01-26,0.2,25.19
2015-01-27,0.2,
2015-01-28,0.2,
2015-01-29,0.2,
2015-01-30,0.3,
2015-01-31,0.3,
2015-02-01,0.2,
2015-02-02,0.1,
2015-02-03,0.1,
2015-02-04,0.1,
2015-02-05,0.1,
2015-02-06,0.1,
2015-02-07,0.1,
2015-02-08,0.2,
2015-02-09,0.3,
2015-02-10,0.4,
2015-02-11,0.3,
2015-02-12,0.3,
2015-02-13,0.3,
2015-02-14,0.4,
2015-02-15,0.4,
2015-02-16,0.3,
2015-02-17,0.2,
2015-02-18,0.1,
2015-02-19,0.3,
2015-02-20,0.4,
2015-02-21,0.4,
2015-02-22,0.3,
2015-02-23,0.2,
2015-02-24,0.2,
2015-02-25,0.1,
2015-02-26,0.1,
2015-02-27,0.1,
2015-02-28,0.1,
2015-03-01,0.1,
2015-03-02,0.1,
2015-03-03,0,
2015-03-04,-0.1,
2015-03-05,-0.1,
2015-03-06,-0.1,
2015-03-07,0,
2015-03-08,0,
2015-03-09,-0.1,
2015-03-10,0,
2015-03-11,0.1,
2015-03-12,0.2,
2015-03-13,0.1,
2015-03-14,0.1,
2015-03-15,0.3,
2015-03-16,0.5,
2015-03-17,0.8,
2015-03-18,1.2,
2015-03-19,1.4,
2015-03-20,1.1,
2015-03-21,1,
2015-03-22,1.2,
2015-03-23,1.4,
2015-03-24,0.9,
2015-03-25,0.8,
2015-03-26,0,
2015-03-27,1,
2015-03-28,1.6,
2015-03-29,1.7,
2015-03-30,1.9,
2015-03-31,2,
2015-04-01,1.8,
2015-04-02,1.1,
2015-04-03,0.2,
2015-04-04,0.3,
2015-04-05,1.7,
2015-04-06,1.8,
2015-04-07,2.4,16.55
2015-04-08,3.1,16.24
2015-04-09,2.7,15.93
2015-04-10,3.1,15.99
2015-04-11,3.3,16.09
2015-04-12,2.8,16.81
2015-04-13,3.1,17.11
2015-04-14,3.7,17.16
2015-04-15,2.9,17.08
2015-04-16,2.4,16.86
2015-04-17,2,16.88
2015-04-18,1.8,17.17
2015-04-19,1.5,17.53
2015-04-20,1.2,18.14
2015-04-21,1.5,18.57
2015-04-22,1.3,18.9
2015-04-23,1.6,19.48
2015-04-24,1.4,19.46
2015-04-25,1.6,19.45
2015-04-26,1.5,19.32
2015-04-27,1.5,19.17
2015-04-28,1.7,18.71
2015-04-29,1.9,18.24
2015-04-30,2.1,18.81
2015-05-01,2,17.47
2015-05-02,2,16.32
2015-05-03,2,16.33
2015-05-04,2.1,16.51
2015-05-05,1.8,16.25
2015-05-06,1.9,16.62
2015-05-07,1.7,16.47
2015-05-08,2.1,16.65
2015-05-09,1.9,16.81
2015-05-10,1.9,17.21
2015-05-11,2.7,17.5
2015-05-12,3.7,18.08
2015-05-13,3.8,18.63
2015-05-14,3.7,18.03
2015-05-15,3.5,17.35
2015-05-16,2.4,17.25
2015-05-17,2.4,16.86
2015-05-18,2.8,16.84
2015-05-19,2.4,17.14
2015-05-20,2.8,17.3
2015-05-21,3.7,17.05
2015-05-22,3.6,17.27
2015-05-23,2.9,17.09
2015-05-24,3.6,17.34
2015-05-25,4.4,17.28
2015-05-26,4.4,17.3
2015-05-27,4.4,17.08
2015-05-28,4,16.88
2015-05-29,4,16.85
2015-05-30,5.1,16.92
2015-05-31,5.2,16.47
2015-06-01,3.5,16.01
2015-06-02,3.6,15.87
2015-06-03,3.9,15.73
2015-06-04,4.2,15.47
2015-06-05,3.4,15.29
2015-06-06,3.7,15.16
2015-06-07,4.3,14.86
2015-06-08,4.9,14.55
2015-06-09,5,14
2015-06-10,3.6,13.72
2015-06-11,3.6,13.39
2015-06-12,4.3,12.77
2015-06-13,4.8,12.53
2015-06-14,4.7,12.5
2015-06-15,5,12.58
2015-06-16,4.8,12.58
2015-06-17,5.3,12.91
2015-06-18,5.8,13.03
2015-06-19,6.9,12.73
2015-06-20,7.2,12.44
2015-06-21,7.3,12.19
2015-06-22,7.6,11.95
2015-06-23,8.2,11.7
2015-06-24,7.4,11.54
2015-06-25,7.9,11.59
2015-06-26,8,11.39
2015-06-27,8.4,11.29
2015-06-28,8.5,11.2
2015-06-29,8.9,11.24
2015-06-30,9.7,11.09
2015-07-01,9,10.86
2015-07-02,9.3,10.81
2015-07-03,9.7,10.7
2015-07-04,10.4,10.61
2015-07-05,10.5,10.46
2015-07-06,9.3,10.14
2015-07-07,8.1,10.08
2015-07-08,7.3,10.24
2015-07-09,7,10.57
2015-07-10,8.2,10.79
2015-07-11,8.7,10.9
2015-07-12,9.4,10.79
2015-07-13,9.5,10.69
2015-07-14,9.1,10.66
2015-07-15,9.2,10.59
2015-07-16,9,10.52
2015-07-17,9.6,10.52
2015-07-18,10.5,10.58
2015-07-19,10,10.63
2015-07-20,10,10.7
2015-07-21,10.3,10.74
2015-07-22,10.7,10.82
2015-07-23,11.4,10.78
2015-07-24,11.5,10.8
2015-07-25,11.7,10.83
2015-07-26,12.6,10.82
2015-07-27,12.4,10.83
2015-07-28,11.3,10.68
2015-07-29,12.5,10.78
2015-07-30,13.1,10.84
2015-07-31,13.6,10.91
2015-08-01,13.7,10.97
2015-08-02,13.3,11.03
2015-08-03,12.6,11.02
2015-08-04,11,11.03
2015-08-05,11.5,11.1
2015-08-06,11.8,11.1
2015-08-07,11.8,11.18
2015-08-08,11.1,11.19
2015-08-09,11.4,11.28
2015-08-10,11.7,11.27
2015-08-11,11.9,11.3
2015-08-12,12.3,11.36
2015-08-13,12.7,11.42
2015-08-14,13,11.43
2015-08-15,12.9,11.33
2015-08-16,13.2,11.3
2015-08-17,13,11.26
2015-08-18,11.8,11.08
2015-08-19,11.5,10.55
2015-08-20,11.4,10.47
2015-08-21,11.3,10.55
2015-08-22,11.3,10.63
2015-08-23,11.8,10.7
2015-08-24,12,10.84
2015-08-25,12.8,10.94
2015-08-26,13.1,11.09
2015-08-27,12,11.11
2015-08-28,11.7,11.02
2015-08-29,12.8,11.09
2015-08-30,12.6,11.02
2015-08-31,11.6,11.04
2015-09-01,11,11.07
2015-09-02,11.1,11.14
2015-09-03,11,11.24
2015-09-04,9.7,11.24
2015-09-05,9.9,11.26
2015-09-06,9.5,11.31
2015-09-07,9.1,11.36
2015-09-08,8.8,11.4
2015-09-09,8.8,11.62
2015-09-10,9.3,11.82
2015-09-11,10.1,12.09
2015-09-12,11.1,12.28
2015-09-13,11.2,12.46
2015-09-14,10.3,12.52
2015-09-15,8.7,12.39
2015-09-16,8.6,12.38
2015-09-17,8.2,12.49
2015-09-18,8.5,12.57
2015-09-19,8.3,12.74
2015-09-20,7.6,12.95
2015-09-21,7.9,13.15
2015-09-22,8.5,13.26
2015-09-23,9.1,13.44
2015-09-24,9.6,13.61
2015-09-25,10.2,13.68
2015-09-26,11,13.83
2015-09-27,11.7,13.96
2015-09-28,10.8,14.04
2015-09-29,10.6,14.1
2015-09-30,9.5,14.18
2015-10-01,9.1,14.22
2015-10-02,9.1,14.25
2015-10-03,8.4,14.35
2015-10-04,8.8,14.37
2015-10-05,8.4,14.58
2015-10-06,7.6,14.49
2015-10-07,7.4,14.38
2015-10-08,7.3,14.6
2015-10-09,7.6,14.61
2015-10-10,6.8,14.86
2015-10-11,6.5,14.95
2015-10-12,4.9,15.05
2015-10-13,4.5,15.14
2015-10-14,4.5,15.24
2015-10-15,4.7,15.33
2015-10-16,5.4,15.42
2015-10-17,5.7,15.52
2015-10-18,5.9,15.61
2015-10-19,5.4,15.71
2015-10-20,4.6,15.8
2015-10-21,3.5,15.9
2015-10-22,2.4,15.99
2015-10-23,2.2,16.08
2015-10-24,1.8,16.18
2015-10-25,1.9,16.27
2015-10-26,2,16.37
2015-10-27,0.8,16.46
2015-10-28,0,16.55
2015-10-29,0.2,16.65
2015-10-30,0.2,16.74
2015-10-31,0.4,16.84
2015-11-01,0.8,16.93
2015-11-02,1.2,17.02
2015-11-03,2.1,17.18
2015-11-04,2.5,17.21
2015-11-05,1.6,17.18
2015-11-06,1.8,17.25
2015-11-07,1.8,17.9
2015-11-08,2.6,18.32
2015-11-09,2.3,18.51
2015-11-10,2.7,18.75
2015-11-11,1.2,18.81
2015-11-12,1.4,19.16
2015-11-13,2,19.72
2015-11-14,2.4,19.82
2015-11-15,2.1,19.94
2015-11-16,2.5,20.14
2015-11-17,1.7,20.39
2015-11-18,0.6,20.9
2015-11-19,1.1,21.57
2015-11-20,1.2,21.75
2015-11-21,0.6,21.46
2015-11-22,1.1,21.46
2015-11-23,1.4,21.71
2015-11-24,1.5,21.73
2015-11-25,1.7,21.73
2015-11-26,1.7,21.74
2015-11-27,1.3,22.84
2015-11-28,0.9,23.49
2015-11-29,0.8,23.57
2015-11-30,0.3,22.96
2015-12-01,0.6,21.99
2015-12-02,1.1,21.91
2015-12-03,1.2,22.26
2015-12-04,1.3,22.33
2015-12-05,1.3,22.46
2015-12-06,1.2,22.87
2015-12-07,1.3,22.82
2015-12-08,1.2,22.77
2015-12-09,1.3,23.02
2015-12-10,1.5,22.96
2015-12-11,1.3,23.47
2015-12-12,1,24.79
2015-12-13,0.7,24.89
2015-12-14,0.6,24.56
2015-12-15,0.6,23.96
2015-12-16,0.3,23.55
2015-12-17,0.4,23.32
2015-12-18,0.5,23.74
2015-12-19,0.5,24.51
2015-12-20,0.5,24.36
2015-12-21,0.5,24.47
2015-12-22,0.4,24.97
2015-12-23,0.4,25.36
2015-12-24,0.3,24.75
2015-12-25,0.3,24.93
2015-12-26,0.3,24.42
2015-12-27,0.3,24.24
2015-12-28,0.2,24.55
2015-12-29,0.3,25.04
2015-12-30,0.3,25.44
2015-12-31,0.3,25.92
2016-01-01,0.3,26.35
2016-01-02,0.3,27
2016-01-03,0.2,27.7
2016-01-04,0.2,28.38
2016-01-05,0.2,28.67
2016-01-06,0.2,28.63
2016-01-07,0.2,29.38
2016-01-08,0.2,28.87
2016-01-09,0.1,28.07
2016-01-10,0.1,27.33
2016-01-11,0.1,27.45
2016-01-12,0.1,27.83
2016-01-13,0,28.32
2016-01-14,0,29.94
2016-01-15,0,29.72
2016-01-16,0,29.4
2016-01-17,0,29.21
2016-01-18,0,28.95
2016-01-19,0,28.83
2016-01-20,0,28.77
2016-01-21,0,28.63
2016-01-22,0,28.72
2016-01-23,0,28.75
2016-01-24,0,28.13
2016-01-25,0,28.07
2016-01-26,0,28.24
2016-01-27,0,28.54
2016-01-28,0,28.19
2016-01-29,0,28.08
2016-01-30,0,28.45
2016-01-31,0,27.7
2016-02-01,0,28.81
2016-02-02,0,26.92
2016-02-03,0,26.53
2016-02-04,0,27.43
2016-02-05,0,28.58
2016-02-06,0,28.3
2016-02-07,0,27.21
2016-02-08,0,26.71
2016-02-09,-0.1,27.02
2016-02-10,0,26.91
2016-02-11,0,26.55
2016-02-12,0,26.29
2016-02-13,0,24.9
2016-02-14,0,24.29
2016-02-15,-0.1,24.28
2016-02-16,0,24.16
2016-02-17,0,24.73
2016-02-18,0,24.76
2016-02-19,0,24.38
2016-02-20,0,24.2
2016-02-21,0,24.19
2016-02-22,0,24.18
2016-02-23,0,24.37
2016-02-24,0,24.67
2016-02-25,0,24.81
2016-02-26,0,24.81
2016-02-27,0,24.87
2016-02-28,0,24.7
2016-02-29,0.1,24.52
2016-03-01,0,23.83
2016-03-02,0,23.48
2016-03-03,0,21.97
2016-03-04,0,23.15
2016-03-05,0.1,22.85
2016-03-06,0.1,22.81
2016-03-07,0.1,23.14
2016-03-08,0.1,21.93
2016-03-09,0,21.54
2016-03-10,0,21.98
2016-03-11,0.1,21.77
2016-03-12,0.2,22.99
2016-03-13,0.2,23.29
2016-03-14,0.2,21.25
2016-03-15,0.2,20.1
2016-03-16,0.1,18.85
2016-03-17,0.1,18.58
2016-03-18,0.1,18.36
2016-03-19,0.1,18.8
2016-03-20,0.1,19.31
2016-03-21,0.1,20.49
2016-03-22,0.1,20.98
2016-03-23,0.2,21.25
2016-03-24,0.2,21.24
2016-03-25,0.2,21.37
2016-03-26,0.2,21.62
2016-03-27,0.2,21.99
2016-03-28,0.2,21.5
2016-03-29,0.2,21.45
2016-03-30,0.3,21.2
2016-03-31,0.2,20.48
2016-04-01,0.2,21.11
2016-04-02,0.2,20.94
2016-04-03,0.2,20.98
2016-04-04,0.3,20.88
2016-04-05,0.3,20.53
2016-04-06,0.3,20.07
2016-04-07,0.4,19.94
2016-04-08,0.6,19.91
2016-04-09,0.7,19.62
2016-04-10,1,19.46
2016-04-11,1.3,18.72
2016-04-12,1.4,17.81
2016-04-13,1.7,17.37
2016-04-14,1.9,16.63
2016-04-15,0.8,15.64
2016-04-16,0.8,15.39
2016-04-17,0.9,15.87
2016-04-18,0.7,16.89
2016-04-19,0.7,17.52
2016-04-20,0.8,17.99
2016-04-21,0.9,18.08
2016-04-22,1.2,17.96
2016-04-23,1.9,17.36
2016-04-24,1.8,17
2016-04-25,1.7,16.58
2016-04-26,1.8,16.05
2016-04-27,1.5,16.11
2016-04-28,1.3,16.06
2016-04-29,1.1,16.11
2016-04-30,1,16.09
2016-05-01,0.7,16.48
2016-05-02,0.9,16.95
2016-05-03,1,17.24
2016-05-04,1.2,17.59
2016-05-05,1.8,17.48
2016-05-06,2.1,16.43
2016-05-07,1.4,14.66
2016-05-08,1.1,14.31
2016-05-09,1.1,15.51
2016-05-10,1.1,15.68
2016-05-11,1.2,15.63
2016-05-12,1.7,15.87
2016-05-13,2.2,15.92
2016-05-14,2.6,15.79
2016-05-15,2.5,14.94
2016-05-16,1.8,13.73
2016-05-17,1.3,14.57
2016-05-18,1.5,15.39
2016-05-19,2.3,15.96
2016-05-20,2.1,14.94
2016-05-21,2.4,14.51
2016-05-22,2.4,14.6
2016-05-23,1.7,14.35
2016-05-24,2.5,14.38
2016-05-25,2.4,14.58
2016-05-26,2.6,14.49
2016-05-27,2.7,14.94
2016-05-28,2.9,14.89
2016-05-29,3.4,14.86
2016-05-30,3.3,14.43
2016-05-31,3.2,14.11
2016-06-01,4.9,13.95
2016-06-02,5,13.77
2016-06-03,5,13.72
2016-06-04,4.9,13.53
2016-06-05,4.7,13.58
2016-06-06,4.5,13.57
2016-06-07,4.2,13.32
2016-06-08,4.5,13.26
2016-06-09,5.6,12.87
2016-06-10,5.8,12.39
2016-06-11,5.7,12.18
2016-06-12,5.9,11.77
2016-06-13,5.5,11.86
2016-06-14,5,11.88
2016-06-15,6.5,12.07
2016-06-16,7,11.96
2016-06-17,7.8,11.92
2016-06-18,8.9,11.79
2016-06-19,8.4,11.71
2016-06-20,8.6,11.52
2016-06-21,9.5,11.3
2016-06-22,8.4,11.16
2016-06-23,8.1,11.21
2016-06-24,8.8,11.24
2016-06-25,9.1,10.86
2016-06-26,9.9,10.87
2016-06-27,10.5,10.69
2016-06-28,10.9,10.67
2016-06-29,10.5,10.71
2016-06-30,9.3,10.66
2016-07-01,8.6,10.56
2016-07-02,8.6,10.58
2016-07-03,8.6,10.86
2016-07-04,9,11.03
2016-07-05,8.9,11.03
2016-07-06,9.5,10.91
2016-07-07,9.6,10.86
2016-07-08,10.8,10.79
2016-07-09,11.4,10.65
2016-07-10,11.3,10.64
2016-07-11,10.5,10.7
2016-07-12,10.5,10.53
2016-07-13,11.1,10.38
2016-07-14,12.1,10.51
2016-07-15,12.3,10.57
2016-07-16,12.2,10.54
2016-07-17,13,10.63
2016-07-18,13.2,10.65
2016-07-19,12.7,10.51
2016-07-20,13.2,10.32
2016-07-21,12.7,10.16
2016-07-22,12.9,10.03
2016-07-23,13.1,9.89
2016-07-24,12.7,9.84
2016-07-25,12.5,9.8
2016-07-26,12,9.88
2016-07-27,11.9,9.93
2016-07-28,13.2,10.04
2016-07-29,13.4,10.09
2016-07-30,13.6,10.1
2016-07-31,13.1,10.09
2016-08-01,13.1,10.1
2016-08-02,13.4,10.21
2016-08-03,13.2,10.18
2016-08-04,12.7,10.28
2016-08-05,11.1,10.18
2016-08-06,10.7,10.2
2016-08-07,11.6,10.36
2016-08-08,12.6,10.35
2016-08-09,13,10.45
2016-08-10,12.4,10.43
2016-08-11,11.9,10.49
2016-08-12,12.1,10.62
2016-08-13,12.5,10.66
2016-08-14,12.8,10.77
2016-08-15,12.7,10.97
2016-08-16,12.5,11.11
2016-08-17,12.6,11.07
2016-08-18,12,11.4
2016-08-19,11.5,11.45
2016-08-20,11.8,11.52
2016-08-21,12.7,
2016-08-22,12.3,
2016-08-23,10.4,
2016-08-24,10.1,
2016-08-25,9.5,
2016-08-26,9.6,
2016-08-27,9.7,
2016-08-28,10.2,11.64
2016-08-29,9.9,12.17
2016-08-30,10,
2016-08-31,10.8,
2016-09-01,12.1,
2016-09-02,11.3,
2016-09-03,11,12.51
2016-09-04,10.9,12.56
2016-09-05,10.7,12.65
2016-09-06,11.5,12.86
2016-09-07,10.7,13.2
2016-09-08,10.1,13.22
2016-09-09,9.4,13.45
2016-09-10,8.9,13.53
2016-09-11,8.1,13.56
2016-09-12,8.5,13.74
2016-09-13,9.5,13.99
2016-09-14,9.8,14.27
2016-09-15,7.8,14.6
2016-09-16,7.2,14.53
2016-09-17,7.6,14.67
2016-09-18,6.8,14.76
2016-09-19,8.1,14.43
2016-09-20,8.6,14.51
2016-09-21,8.4,
2016-09-22,8.7,15.21
2016-09-23,8.7,15.37
2016-09-24,4.9,15.42
2016-09-25,5.1,15.21
2016-09-26,6.4,15.14
2016-09-27,7.6,15.12
2016-09-28,8.6,15.17
2016-09-29,8.7,
2016-09-30,8.4,15.25
2016-10-01,8.5,15.4
2016-10-02,8.4,15.35
2016-10-03,6.3,15.44
2016-10-04,1.8,15.55
2016-10-05,0.5,15.82
2016-10-06,0.7,15.8
2016-10-07,1.4,15.91
2016-10-08,2.7,16.08
2016-10-09,4.1,15.94
2016-10-10,3.9,16.08
2016-10-11,3,15.87
2016-10-12,2.1,15.73
2016-10-13,2.6,15.89
2016-10-14,2.9,16.12
2016-10-15,3,16.31
2016-10-16,3.3,16.46
2016-10-17,2.6,16.65
2016-10-18,1.4,16.79
2016-10-19,0.8,16.8
2016-10-20,0.3,17.43
2016-10-21,0.5,17.64
2016-10-22,0.9,17.63
2016-10-23,1.2,17.58
2016-10-24,1.9,17.46
2016-10-25,2.2,17.41
2016-10-26,2,17.5
2016-10-27,2.3,17.58
2016-10-28,2.9,17.58
2016-10-29,3.2,17.48
2016-10-30,3.1,17.49
2016-10-31,2.5,17.6
2016-11-01,1.9,17.69
2016-11-02,2.1,17.65
2016-11-03,1.9,18.03
2016-11-04,2,18.35
2016-11-05,2.7,18.44
2016-11-06,2,18.39
2016-11-07,1,18.44
2016-11-08,1,18.82
2016-11-09,1.4,19.24
2016-11-10,1.8,19.27
2016-11-11,1.6,19.55
2016-11-12,1.8,19.53
2016-11-13,0.8,19.33
2016-11-14,0.1,19.59
2016-11-15,0.1,19.72
2016-11-16,0.1,19.88
2016-11-17,-0.1,20.21
2016-11-18,-0.1,20.14
2016-11-19,0,20.3
2016-11-20,0.2,20.63
2016-11-21,0.5,20.75
2016-11-22,0.5,20.96
2016-11-23,0.3,20.96
2016-11-24,0.3,20.91
2016-11-25,0.5,21.17
2016-11-26,0.7,21.53
2016-11-27,0.7,21.93
2016-11-28,0.4,22.5
2016-11-29,0.7,23.18
2016-11-30,0.4,23.98
2016-12-01,0.3,24.16
2016-12-02,0.3,24.23
2016-12-03,0.3,24.29
2016-12-04,0.3,24.36
2016-12-05,0.3,24.42
2016-12-06,0.3,24.49
2016-12-07,0.3,24.56
2016-12-08,0.3,24.62
2016-12-09,0.3,24.69
2016-12-10,0.3,24.75
2016-12-11,0.3,24.82
2016-12-12,0.2,24.89
2016-12-13,0.2,24.95
2016-12-14,0.2,25.02
2016-12-15,0.2,25.08
2016-12-16,0.2,25.15
2016-12-17,0.2,25.22
2016-12-18,0.2,25.28
2016-12-19,0.2,25.35
2016-12-20,0.2,25.41
2016-12-21,0.2,25.48
2016-12-22,0.2,25.55
2016-12-23,0.2,25.61
2016-12-24,0.2,25.68
2016-12-25,0.2,25.74
2016-12-26,0.2,25.81
2016-12-27,0.1,25.88
2016-12-28,0.1,25.94
2016-12-29,0.1,26.01
2016-12-30,0.1,26.07
2016-12-31,0.1,26.14
2017-01-01,0.1,26.21
2017-01-02,0.1,26.27
2017-01-03,0.1,26.34
2017-01-04,0.1,26.4
2017-01-05,0.1,26.47
2017-01-06,0.1,26.54
2017-01-07,0.1,26.6
2017-01-08,0.1,26.67
2017-01-09,0.1,26.73
2017-01-10,0,26.8
2017-01-11,0,26.87
2017-01-12,0,26.93
2017-01-13,0,27
2017-01-14,0,27.06
2017-01-15,0,27.13
2017-01-16,0,27.2
2017-01-17,0,27.26
2017-01-18,0,27.33
2017-01-19,0,27.42
2017-01-20,0,27.64
2017-01-21,0,27.77
2017-01-22,0,27.79
2017-01-23,0,28.17
2017-01-24,-0.1,28.05
2017-01-25,-0.1,28.23
2017-01-26,-0.1,28.69
2017-01-27,-0.1,28.84
2017-01-28,-0.1,28.88
2017-01-29,-0.1,29.15
2017-01-30,-0.1,29.58
2017-01-31,-0.1,30.1
2017-02-01,0.1,
2017-02-02,0.1,30.63
2017-02-03,0.1,30.3
2017-02-04,0.1,
2017-02-05,0.1,
2017-02-06,0.1,
2017-02-07,0.1,29.95
2017-02-08,0.1,30.03
2017-02-09,0.1,29.42
2017-02-10,0.1,28.95
2017-02-11,0.1,28.54
2017-02-12,0.1,28.38
2017-02-13,0.1,27.96
2017-02-14,0.1,27.15
2017-02-15,0.1,
2017-02-16,0.1,26.75
2017-02-17,0.2,27.32
2017-02-18,0.2,27.54
2017-02-19,0.2,27.6
2017-02-20,0.1,
2017-02-21,0.2,28.1
2017-02-22,0.2,
2017-02-23,0.1,
2017-02-24,0.1,
2017-02-25,0.1,27.23
2017-02-26,0.1,27.07
2017-02-27,0.1,27.79
2017-02-28,0,27.6
2017-03-01,0,28.05
2017-03-02,0,
2017-03-03,0,28.06
2017-03-04,0,28.14
2017-03-05,0,27.54
2017-03-06,0.1,27.16
2017-03-07,0,26.62
2017-03-08,0,26.63
2017-03-09,0,
2017-03-10,0.1,25.72
2017-03-11,0.1,25.28
2017-03-12,0.1,
2017-03-13,0.1,
2017-03-14,0.1,23.77
2017-03-15,0.2,23.09
2017-03-16,0.4,22.88
2017-03-17,0.5,22.58
2017-03-18,0.7,21.94
2017-03-19,1,21.43
2017-03-20,1.2,20.96
2017-03-21,1.5,20.58
2017-03-22,1.7,19.92
2017-03-23,1.9,19.5
2017-03-24,1.9,18.83
2017-03-25,1.4,17.79
2017-03-26,1.7,18.03
2017-03-27,1.1,18.24
2017-03-28,0.9,18.89
2017-03-29,0.8,18.6
2017-03-30,0.6,19.05
2017-03-31,0.6,19.48
2017-04-01,0.6,19.18
2017-04-02,0.6,19
2017-04-03,0.6,19.15
2017-04-04,0.5,19.1
2017-04-05,0.5,18.91
2017-04-06,0.7,19.11
2017-04-07,0.9,19.09
2017-04-08,1.2,19.19
2017-04-09,1,19.09
2017-04-10,1.3,18.71
2017-04-11,1.9,18.24
2017-04-12,2.4,17.85
2017-04-13,2.8,17.85
2017-04-14,3,17.45
2017-04-15,3.2,16.83
2017-04-16,3.4,15.81
2017-04-17,3.4,14.88
2017-04-18,2.7,14.23
2017-04-19,1.4,13.62
2017-04-20,1.3,13.66
2017-04-21,1.8,14.1
2017-04-22,2,14.28
2017-04-23,2.3,14.45
2017-04-24,2.1,14.56
2017-04-25,1.3,14.25
2017-04-26,1.7,14.4
2017-04-27,1.3,14.37
2017-04-28,1.1,14.82
2017-04-29,1.2,15.13
2017-04-30,1.1,15.86
2017-05-01,0.9,15.94
2017-05-02,1,16.44
2017-05-03,1.2,16.97
2017-05-04,1.4,17.23
2017-05-05,1.8,17.61
2017-05-06,2.8,16.81
2017-05-07,2.6,15.51
2017-05-08,2.4,14.08
2017-05-09,2.6,14.22
2017-05-10,1.9,13.83
2017-05-11,2.4,14.03
2017-05-12,3.3,15.18
2017-05-13,2.8,14.33
2017-05-14,2.8,13.62
2017-05-15,3,14.05
2017-05-16,2.7,13.87
2017-05-17,2.5,
2017-05-18,1.6,14.27
2017-05-19,1.2,15.8
2017-05-20,1.4,16.47
2017-05-21,2.1,16.25
2017-05-22,2.8,15.59
2017-05-23,3.7,15.75
2017-05-24,4.6,16.07
2017-05-25,3,14.55
2017-05-26,3.4,14.57
2017-05-27,3.4,14.78
2017-05-28,3.7,15.26
2017-05-29,4.4,15.86
2017-05-30,5.5,15.92
2017-05-31,5.8,15.72
2017-06-01,5.1,15.29
2017-06-02,4.2,14.81
2017-06-03,3.2,14.45
2017-06-04,4.2,14.77
2017-06-05,3.9,14.56
2017-06-06,3.3,14.49
2017-06-07,3.7,15.36
2017-06-08,4.1,15.54
2017-06-09,4.1,15.26
2017-06-10,4.5,14.93
2017-06-11,4.5,14.61
2017-06-12,4.9,14.29
2017-06-13,4.2,14.02
2017-06-14,4.5,14.1
2017-06-15,5.7,13.73
2017-06-16,6.5,13.43
2017-06-17,5.5,13.16
2017-06-18,5.7,12.92
2017-06-19,6.4,12.71
2017-06-20,7,12.58
2017-06-21,7.5,12.36
2017-06-22,6.8,12.02
2017-06-23,6.9,11.67
2017-06-24,7.6,11.3
2017-06-25,8,10.32
2017-06-26,8.1,10.54
2017-06-27,8.5,10.29
2017-06-28,8.3,10.17
2017-06-29,8.1,10.17
2017-06-30,8.2,10.21
2017-07-01,9.1,10.19
2017-07-02,8.8,10.35
2017-07-03,8.6,10.25
2017-07-04,8.8,10.14
2017-07-05,9,10.08
2017-07-06,9.2,10.07
2017-07-07,9.1,9.99
2017-07-08,8.7,9.97
2017-07-09,8.8,9.98
2017-07-10,9.5,10
2017-07-11,9.6,9.9
2017-07-12,8.9,9.67
2017-07-13,9,9.69
2017-07-14,10.5,9.69
2017-07-15,11.2,9.6
2017-07-16,10.9,9.53
2017-07-17,10.8,9.63
2017-07-18,10.7,9.6
2017-07-19,10.9,9.62
2017-07-20,11.1,9.8
2017-07-21,10.5,9.73
2017-07-22,10,9.66
2017-07-23,10.6,9.85
2017-07-24,11.3,9.56
2017-07-25,11.5,9.58
2017-07-26,10.7,9.61
2017-07-27,10.8,9.77
2017-07-28,11.2,9.95
2017-07-29,10.6,10.1
2017-07-30,10.1,10.15
2017-07-31,10.7,10.19
2017-08-01,11.5,10.3
2017-08-02,11.4,10.41
2017-08-03,11.4,10.35
2017-08-04,11.1,10.36
2017-08-05,10.4,10.36
2017-08-06,10.1,10.39
2017-08-07,9.7,10.54
2017-08-08,8.1,11.07
2017-08-09,7.5,11.94
2017-08-10,7.6,12.45
2017-08-11,8.4,12.79
2017-08-12,8.4,13
2017-08-13,8.2,13.13
2017-08-14,8.7,13.27
2017-08-15,8.9,13.45
2017-08-16,8.3,13.61
2017-08-17,9,13.45
2017-08-18,10.1,13.3
2017-08-19,11.1,13.37
2017-08-20,11.4,13.42
2017-08-21,10.9,13.38
2017-08-22,11.1,13.35
2017-08-23,11,13.39
2017-08-24,10.7,13.29
2017-08-25,10.7,13.22
2017-08-26,12.1,13.2
2017-08-27,12.3,13.25
2017-08-28,12.7,13.19
2017-08-29,12.8,13.21
2017-08-30,12.4,13.2
2017-08-31,12.1,13.26
2017-09-01,11.7,13.19
2017-09-02,12.5,13.19
2017-09-03,13.3,13.21
2017-09-04,13,13.22
2017-09-05,12.3,13.27
2017-09-06,12.1,13.26
2017-09-07,12.2,13.25
2017-09-08,11.8,13.28
2017-09-09,11.6,13.37
2017-09-10,11.5,13.39
2017-09-11,11.3,13.38
2017-09-12,11.5,13.36
2017-09-13,11.1,13.34
2017-09-14,10.4,13.38
2017-09-15,9.2,13.3
2017-09-16,7.9,13.39
2017-09-17,7.7,13.54
2017-09-18,8.2,13.84
2017-09-19,7.2,14.11
2017-09-20,7.5,14.36
2017-09-21,7.6,14.55
2017-09-22,8,14.76
2017-09-23,7.4,14.91
2017-09-24,5.8,15.01
2017-09-25,4.4,15.23
2017-09-26,5.6,15.35
2017-09-27,5.8,15.73
2017-09-28,5,16
2017-09-29,5.3,15.92
2017-09-30,4.9,16.46
2017-10-01,3.1,16.75
2017-10-02,1.4,17.05
2017-10-03,1.8,17.57
2017-10-04,3.1,17.5
2017-10-05,4.4,17.38
2017-10-06,3.6,17.52
2017-10-07,1.6,17.76
2017-10-08,2,18.05
2017-10-09,1.3,18.22
2017-10-10,0.9,18.55
2017-10-11,1.6,18.87
2017-10-12,2.2,18.93
2017-10-13,2.7,18.94
2017-10-14,1.1,19.2
2017-10-15,0.2,19.8
2017-10-16,0.6,19.96
2017-10-17,0.9,19.96
2017-10-18,0.9,19.94
2017-10-19,1.6,19.94
2017-10-20,2.2,19.84
2017-10-21,0.4,20.2
2017-10-22,0.1,20.84
2017-10-23,0.3,20.86
2017-10-24,0.3,21.03
2017-10-25,0.5,21.04
2017-10-26,0,21.14
2017-10-27,0.1,21.18
2017-10-28,0.4,21.52
2017-10-29,1,21.68
2017-10-30,1.2,21.76
2017-10-31,0.9,22.25
2017-11-01,1.2,22.66
2017-11-02,2.1,22.49
2017-11-03,2.5,21.99
2017-11-04,2.2,22.25
2017-11-05,1.2,22.27
2017-11-06,1.4,22.68
2017-11-07,1.1,21.76
2017-11-08,0.9,21.79
2017-11-09,0.7,21.54
2017-11-10,0.9,21.46
2017-11-11,1,21.6
2017-11-12,1,21.74
2017-11-13,1.1,21.88
2017-11-14,1.1,22.02
2017-11-15,1.2,22.15
2017-11-16,1.2,22.29
2017-11-17,1.3,22.43
2017-11-18,1.3,22.57
2017-11-19,1.4,22.71
2017-11-20,1.5,22.84
2017-11-21,1.5,22.98
2017-11-22,1.6,23.12
2017-11-23,1.6,23.23
2017-11-24,1.5,23.37
2017-11-25,1.1,23.57
2017-11-26,1.5,23.58
2017-11-27,1.4,23.43
2017-11-28,1.4,23.77
2017-11-29,1,23.68
2017-11-30,0.8,23.8
2017-12-01,0.8,23.92
2017-12-02,0.7,24.5
2017-12-03,0.8,24.52
2017-12-04,0.5,24.5
2017-12-05,0.3,24.75
2017-12-06,0.6,25.53
2017-12-07,0.6,26.38
2017-12-08,0.7,26.64
2017-12-09,0.7,26.87
2017-12-10,0.6,27.12
2017-12-11,0.6,27.27
2017-12-12,0.7,27.28
2017-12-13,0.6,27.28
2017-12-14,0.5,27.39
2017-12-15,0.2,27.43
2017-12-16,0.5,27.51
2017-12-17,0.4,27.62
2017-12-18,0.4,27.79
2017-12-19,0.5,27.7
2017-12-20,0.4,27.79
2017-12-21,0.5,27.87
2017-12-22,0.2,27.89
2017-12-23,0.1,27.54
2017-12-24,0.2,27.43
2017-12-25,0.2,27.82
2017-12-26,0.2,28.24
2017-12-27,0.1,28.45
2017-12-28,0.1,28.77
2017-12-29,0.2,28.86
2017-12-30,0.2,29.26
2017-12-31,0.1,29.54
2018-01-01,0.1,29.92
2018-01-02,0,30.35
2018-01-03,0.1,30.45
2018-01-04,0.1,30.17
2018-01-05,0.1,29.86
2018-01-06,0.1,29.6
2018-01-07,0.1,29.08
2018-01-08,0.1,28.74
2018-01-09,0.1,28.38
2018-01-10,0.2,28.1
2018-01-11,0,27.62
2018-01-12,0.1,27.83
2018-01-13,0,27.96
2018-01-14,0,27.98
2018-01-15,0.1,28.45
2018-01-16,0.1,28.85
2018-01-17,0.1,29.15
2018-01-18,0.1,29.05
2018-01-19,0.1,28.93
2018-01-20,0.2,28.82
2018-01-21,0.2,28.7
2018-01-22,0.1,28.58
2018-01-23,0,28.47
2018-01-24,0.1,28.35
2018-01-25,0.1,28.24
2018-01-26,0.2,28.12
2018-01-27,0.1,28
2018-01-28,0.1,27.89
2018-01-29,0.1,27.77
2018-01-30,0.2,27.65
2018-01-31,0.2,27.54
2018-02-01,0.1,27.42
2018-02-02,0.1,27.31
2018-02-03,0.1,27.19
2018-02-04,0,27.07
2018-02-05,0,26.96
2018-02-06,0,26.84
2018-02-07,0,26.72
2018-02-08,0,26.61
2018-02-09,0,26.49
2018-02-10,0,26.38
2018-02-11,0,26.26
2018-02-12,0.1,26.14
2018-02-13,0.1,26.03
2018-02-14,0,25.91
2018-02-15,0,25.79
2018-02-16,0,25.68
2018-02-17,0,25.56
2018-02-18,0.1,25.45
2018-02-19,0.1,25.33
2018-02-20,0.1,25.21
2018-02-21,0.1,25.1
2018-02-22,0.1,24.98
2018-02-23,0.1,24.86
2018-02-24,0,24.75
2018-02-25,0,24.63
2018-02-26,0,24.52
2018-02-27,0.1,24.4
2018-02-28,0.1,24.28
2018-03-01,0.1,24.17
2018-03-02,0.1,24.05
2018-03-03,0.1,23.93
2018-03-04,0.1,23.82
2018-03-05,0.1,23.7
2018-03-06,0.1,23.59
2018-03-07,0.1,23.47
2018-03-08,0.1,23.35
2018-03-09,0.1,23.24
2018-03-10,0.1,23.12
2018-03-11,0.1,23
2018-03-12,0.1,22.89
2018-03-13,0.1,22.77
2018-03-14,0.1,22.66
2018-03-15,0.1,22.54
2018-03-16,0.1,22.42
2018-03-17,0.2,22.31
2018-03-18,0.2,22.19
2018-03-19,0.2,22.07
2018-03-20,0.1,21.96
2018-03-21,0.1,21.84
2018-03-22,0.1,21.73
2018-03-23,0.2,21.61
2018-03-24,0.3,21.49
2018-03-25,0.3,21.38
2018-03-26,0.3,21.26
2018-03-27,0.4,21.14
2018-03-28,0.3,21.03
2018-03-29,0.2,20.91
2018-03-30,0.2,20.8
2018-03-31,0.2,20.68
2018-04-01,0.3,20.56
2018-04-02,0.3,20.45
2018-04-03,0.5,20.33
2018-04-04,0.5,20.21
2018-04-05,0.5,20.1
2018-04-06,0.5,19.98
2018-04-07,0.5,19.87
2018-04-08,0.4,19.75
2018-04-09,0.4,19.63
2018-04-10,0.3,19.6
2018-04-11,0.2,19.79
2018-04-12,0.1,
2018-04-13,0.1,
2018-04-14,0.2,
2018-04-15,0.3,
2018-04-16,0.3,19.84
2018-04-17,0.4,
2018-04-18,0.3,20.06
2018-04-19,0.5,20.17
2018-04-20,0.7,
2018-04-21,0.7,20.12
2018-04-22,0.5,19.95
2018-04-23,0.6,20.08
2018-04-24,1.2,
2018-04-25,0.8,19.41
2018-04-26,1.1,19.47
2018-04-27,2,19.94
2018-04-28,2.5,19.55
2018-04-29,2.8,17.88
2018-04-30,2.3,16.52
2018-05-01,2,16.22
2018-05-02,1.5,15.84
2018-05-03,1,15.68
2018-05-04,1.3,16.38
2018-05-05,2.1,16.87
2018-05-06,2.6,16.56
2018-05-07,2.9,15.33
2018-05-08,2.9,14.54
2018-05-09,2.8,13.81
2018-05-10,2.8,13.17
2018-05-11,2.9,12.94
2018-05-12,3,12.81
2018-05-13,2.2,13.33
2018-05-14,2.8,13.96
2018-05-15,3.6,14.3
2018-05-16,4.5,14.2
2018-05-17,4.8,14
2018-05-18,4.3,13.89
2018-05-19,3.7,14.14
2018-05-20,3.8,14.52
2018-05-21,4.9,15.34
2018-05-22,5.3,15.09
2018-05-23,5,14.65
2018-05-24,5.7,14.75
2018-05-25,6.6,14.86
2018-05-26,6.8,14.58
2018-05-27,6.8,14.47
2018-05-28,6,14.3
2018-05-29,5,14.53
2018-05-30,5.7,14.79
2018-05-31,6.9,14.74
2018-06-01,7,14.58
2018-06-02,6.7,14.59
2018-06-03,7.4,14.66
2018-06-04,7.8,14.65
2018-06-05,8.7,14.32
2018-06-06,9.2,14.16
2018-06-07,9.5,14.03
2018-06-08,9.6,14
2018-06-09,9.7,13.97
2018-06-10,9.4,13.83
2018-06-11,8.6,13.73
2018-06-12,9,13.75
2018-06-13,10.6,13.71
2018-06-14,10.3,13.91
2018-06-15,10.2,13.45
2018-06-16,10.3,13.16
2018-06-17,9.3,12.98
2018-06-18,9.4,12.73
2018-06-19,9.5,12.99
2018-06-20,9.6,12.88
2018-06-21,9.7,12.92
2018-06-22,10.2,12.82
2018-06-23,10.3,12.79
2018-06-24,9.9,12.82
2018-06-25,10,12.75
2018-06-26,11,12.75
2018-06-27,12.3,12.74
2018-06-28,12.9,12.63
2018-06-29,11.9,12.47
2018-06-30,11.5,12.43
2018-07-01,10.2,12.24
2018-07-02,11.2,12.22
2018-07-03,12,12.25
2018-07-04,12.5,12.27
2018-07-05,12.5,12.15
2018-07-06,12.4,12.07
2018-07-07,12.1,12.22
2018-07-08,11.8,11.98
2018-07-09,12.7,11.85
2018-07-10,13.4,11.6
2018-07-11,14,11.63
2018-07-12,13.3,11.38
2018-07-13,11.3,11.53
2018-07-14,12.1,11.73
2018-07-15,11.3,12.16
2018-07-16,10.9,12.33
2018-07-17,12.1,12.51
2018-07-18,12.6,12.7
2018-07-19,13.5,12.82
2018-07-20,13.5,12.91
2018-07-21,14,12.94
2018-07-22,13.3,12.91
2018-07-23,12.7,12.65
2018-07-24,13.3,12.57
2018-07-25,13.2,12.61
2018-07-26,13.2,12.63
2018-07-27,13.3,12.71
2018-07-28,12.6,12.8
2018-07-29,12.4,12.83
2018-07-30,13.3,12.89
2018-07-31,0,
2018-08-01,0,
2018-08-02,0,
2018-08-03,12.1,12.93
2018-08-04,11.3,12.98
2018-08-05,11.3,12.91
2018-08-06,12.6,12.97
2018-08-07,13.6,13.05
2018-08-08,13.8,13.17
2018-08-09,14.1,13.31
2018-08-10,14.7,
2018-08-11,15,13.54
2018-08-12,15.2,13.64
2018-08-13,15,13.73
2018-08-14,14.8,
2018-08-15,14.5,
2018-08-16,14.3,
2018-08-17,14,13.77
2018-08-18,12.7,13.64
2018-08-19,11.4,13.68
2018-08-20,11.7,13.81
2018-08-21,11.6,13.84
2018-08-22,11.2,13.91
2018-08-23,10.7,13.85
2018-08-24,10.2,14.21
2018-08-25,11.5,14.51
2018-08-26,11.7,14.94
2018-08-27,11,15.05
2018-08-28,10.5,15.23
2018-08-29,10.5,15.45
2018-08-30,10.8,15.65
2018-08-31,10.6,15.8
2018-09-01,11,15.92
2018-09-02,11,16.02
2018-09-03,10.6,16.1
2018-09-04,10.2,16.31
2018-09-05,10.3,16.47
2018-09-06,10.4,16.57
2018-09-07,10.6,
2018-09-08,11.5,
2018-09-09,11.3,
2018-09-10,11.2,16.54
2018-09-11,11.5,16.53
2018-09-12,11.6,16.53
2018-09-13,10.3,16.55
2018-09-14,9.5,16.64
2018-09-15,10.6,16.73
2018-09-16,11.2,16.71
2018-09-17,11.7,16.72
2018-09-18,12,16.63
2018-09-19,10.9,16.48
2018-09-20,9.9,16.55
2018-09-21,8.8,16.63
2018-09-22,8.9,16.64
2018-09-23,8.8,16.74
2018-09-24,8,16.79
2018-09-25,6.4,16.87
2018-09-26,6.9,16.94
2018-09-27,5.5,17.07
2018-09-28,6.3,17.13
2018-09-29,6.3,17.23
2018-09-30,6.6,17.25
2018-10-01,6.8,17.38
2018-10-02,6.9,17.45
2018-10-03,5.8,17.27
2018-10-04,3.6,17.36
2018-10-05,3.3,17.51
2018-10-06,3.6,17.67
2018-10-07,3,18.13
2018-10-08,2.4,18.7
2018-10-09,2.1,19.32
2018-10-10,2.2,19.8
2018-10-11,2.8,20.37
2018-10-12,3.4,20.16
2018-10-13,2.9,20.54
2018-10-14,2.6,20.79
2018-10-15,2.7,21.86
2018-10-16,2.5,22.43
2018-10-17,2.7,23.05
2018-10-18,2.9,23.26
2018-10-19,3.3,23.21
2018-10-20,3.6,23.13
2018-10-21,3.9,23.01
2018-10-22,3.9,23.07
2018-10-23,3.9,23.16
2018-10-24,3.4,
2018-10-25,3.2,
2018-10-26,2.9,23.55
2018-10-27,2.9,23.49
2018-10-28,2.4,23.33
2018-10-29,1.8,23.15
2018-10-30,1.5,23.09
2018-10-31,1.5,23.11
2018-11-01,1,23.05
2018-11-02,1.5,22.94
2018-11-03,0.4,23.29
2018-11-04,0.8,23.52
2018-11-05,1,23.76
2018-11-06,0.8,24.03
2018-11-07,0.5,24.15
2018-11-08,0.5,24.24
2018-11-09,0.7,24.37
2018-11-10,0.8,24.73
2018-11-11,0.6,24.86
2018-11-12,0.8,25.3
2018-11-13,0.8,25.41
2018-11-14,0.6,25.51
2018-11-15,0.8,25.47
2018-11-16,0.8,25.47
2018-11-17,0.3,25.19
2018-11-18,0.5,25.02
2018-11-19,0.6,25.21
2018-11-20,0.7,25.58
2018-11-21,0.5,25.8
2018-11-22,0.3,26
2018-11-23,0.2,
2018-11-24,0.3,26.92
2018-11-25,0.3,27.3
2018-11-26,0.6,27.01
2018-11-27,0.6,
2018-11-28,0.5,
2018-11-29,0.6,
2018-11-30,0.5,26.5
2018-12-01,0.6,26.66
2018-12-02,0.7,26.93
2018-12-03,0.5,27.12
2018-12-04,0.5,27.32
2018-12-05,0.4,27.66
2018-12-06,0.4,28.39
2018-12-07,0.4,29.11
2018-12-08,0.4,29.63
2018-12-09,0.4,29.96
2018-12-10,0.4,30.04
2018-12-11,0.4,30.09
2018-12-12,0.4,30
2018-12-13,0.4,29.92
2018-12-14,0.4,30.23
2018-12-15,0.4,30.36
2018-12-16,0.4,30.39
2018-12-17,0.3,
2018-12-18,0.3,30.08
2018-12-19,0.2,29.71
2018-12-20,0.2,29.37
2018-12-21,0.2,29.19
2018-12-22,0.2,29.07
2018-12-23,0.2,29.03
2018-12-24,0.2,29.44
2018-12-25,0.2,29.74
2018-12-26,0.2,29.84
2018-12-27,0.2,29.89
2018-12-28,0.2,29.81
2018-12-29,0.2,29.67
2018-12-30,0.2,29.99
2018-12-31,0.2,30.25
2019-01-01,0.2,30.19
2019-01-02,0.2,30.28
2019-01-03,0.2,30.26
2019-01-04,0.1,29.91
2019-01-05,0.1,29.79
2019-01-06,0.1,29.36
2019-01-07,0.1,28.72
2019-01-08,0.1,28.14
2019-01-09,0.1,28.46
2019-01-10,0.1,28.66
2019-01-11,0.1,28.49
2019-01-12,0.1,
2019-01-13,0.1,
2019-01-14,0.1,27.65
2019-01-15,0.1,27.63
2019-01-16,0.1,27.83
2019-01-17,0.1,27.74
2019-01-18,0.1,27.76
2019-01-19,0.1,
2019-01-20,0.1,
2019-01-21,0,
2019-01-22,0,
2019-01-23,0,
2019-01-24,0,
2019-01-25,0,
2019-01-26,0,
2019-01-27,0,
2019-01-28,0,
2019-01-29,0,28.76
2019-01-30,0,28.76
2019-01-31,0,29.08
2019-02-01,0,29.11
2019-02-02,0,28.92
2019-02-03,0,28.78
2019-02-04,0,28.55
2019-02-05,0,27.86
2019-02-06,0,27.53
2019-02-07,0,27.6
2019-02-08,0,27.78
2019-02-09,0,28.17
2019-02-10,0,28.27
2019-02-11,0,27.91
2019-02-12,0,27.68
2019-02-13,0,27.68
2019-02-14,0,27.72
2019-02-15,0,27.77
2019-02-16,0,27.9
2019-02-17,0,27.77
2019-02-18,0,27.63
2019-02-19,0,27.31
2019-02-20,0,27.03
2019-02-21,0,27.2
2019-02-22,0,27.37
2019-02-23,0,27.51
2019-02-24,0,27.59
2019-02-25,0,27.53
2019-02-26,0,27.72
2019-02-27,0,
2019-02-28,0,
2019-03-01,0,27.62
2019-03-02,0,27.62
2019-03-03,0,27.85
2019-03-04,0,27.76
2019-03-05,0,27.66
2019-03-06,0,27.69
2019-03-07,0,27.62
2019-03-08,0,27.81
2019-03-09,0,27.96
2019-03-10,0,28.4
2019-03-11,0,28.52
2019-03-12,0,28.57
2019-03-13,0,29.09
2019-03-14,0,29.17
2019-03-15,0,
2019-03-16,0,29.42
2019-03-17,0,29.62
2019-03-18,0,29.74
2019-03-19,0,29.8
2019-03-20,0,29.95
2019-03-21,0,30.04
2019-03-22,0,29.92
2019-03-23,0,29.65
2019-03-24,0,29.78
2019-03-25,0,29.69
2019-03-26,0,29.86
2019-03-27,0,29.91
2019-03-28,0,29.9
2019-03-29,0,29.82
2019-03-30,0,29.58
2019-03-31,0,30.13
2019-04-01,0,28.84
2019-04-02,0,28.1
2019-04-03,0,27.47
2019-04-04,0,27.33
2019-04-05,0,27.41
2019-04-06,0.1,27.46
2019-04-07,0.1,27.4
2019-04-08,0.2,27.46
2019-04-09,0.3,27.08
2019-04-10,0.2,25.32
2019-04-11,0.1,22.31
2019-04-12,0.1,21.34
2019-04-13,0.1,21.35
2019-04-14,0.2,22
2019-04-15,0.3,23.53
2019-04-16,0.4,23.78
2019-04-17,0.6,22.81
2019-04-18,0.8,22.37
2019-04-19,1.1,22.15
2019-04-20,1.2,20.39
2019-04-21,0.9,18.48
2019-04-22,0.6,17.76
2019-04-23,1.1,17.25
2019-04-24,1.4,17.22
2019-04-25,1.6,17.14
2019-04-26,1.1,16.61
2019-04-27,0.7,16.01
2019-04-28,0.3,15.91
2019-04-29,0.2,18.68
2019-04-30,0.2,20.75
2019-05-01,0.2,21.35
2019-05-02,0.3,22.01
2019-05-03,0.5,21.9
2019-05-04,0.7,21.26
2019-05-05,0.9,20.86
2019-05-06,0.9,20.49
2019-05-07,0.7,19.63
2019-05-08,0.4,18.51
2019-05-09,0.3,18.48
2019-05-10,0.4,18.72
2019-05-11,0.6,19.29
2019-05-12,1,19.24
2019-05-13,1.3,18.77
2019-05-14,1.5,17.8
2019-05-15,1.2,15.96
2019-05-16,1,15.09
2019-05-17,0.8,15.36
2019-05-18,0.8,15.09
2019-05-19,0.8,16.12
2019-05-20,0.9,17.8
2019-05-21,1,18.97
2019-05-22,1,19.62
2019-05-23,1.1,
2019-05-24,1.8,
2019-05-25,2.3,20.15
2019-05-26,2.4,20.15
2019-05-27,2.3,19.33
2019-05-28,2,17.61
2019-05-29,2.1,17.13
2019-05-30,3,17.85
2019-05-31,3.4,17.34
2019-06-01,2.8,17.3
2019-06-02,2.2,16.12
2019-06-03,2,15.82
2019-06-04,2,15.97
2019-06-05,2.1,16.25
2019-06-06,2.3,16.35
2019-06-07,2.3,16.26
2019-06-08,2.8,15.98
2019-06-09,3.7,15.62
2019-06-10,3.5,15.96
2019-06-11,4.2,15.67
2019-06-12,4.6,15.3
2019-06-13,3.3,14.87
2019-06-14,3.5,14.66
2019-06-15,4.3,15.23
2019-06-16,4.1,15.39
2019-06-17,4,15.28
2019-06-18,4.1,15.42
2019-06-19,4.8,15.11
2019-06-20,3.8,14.59
2019-06-21,3.4,14.13
2019-06-22,2.1,14.56
2019-06-23,3.3,14.92
2019-06-24,4.8,15.22
2019-06-25,6.1,15.45
2019-06-26,6.9,15.45
2019-06-27,7.2,15.17
2019-06-28,6.9,14.75
2019-06-29,6.5,14.21
2019-06-30,6.4,13.9
2019-07-01,6.8,13.53
2019-07-02,7.8,13.44
2019-07-03,7.7,13.3
2019-07-04,8.4,13.12
2019-07-05,8.3,
2019-07-06,8.2,12.94
2019-07-07,8.2,12.87
2019-07-08,8.5,12.84
2019-07-09,9,12.74
2019-07-10,9.8,12.67
2019-07-11,9.4,12.59
2019-07-12,9.5,12.5
2019-07-13,9.6,
2019-07-14,9.7,
2019-07-15,9.7,12.16
2019-07-16,9.9,
2019-07-17,9.6,
2019-07-18,9.9,
2019-07-19,10.5,
2019-07-20,9.5,
2019-07-21,9.4,11.31
2019-07-22,9.8,11.37
2019-07-23,9.9,11.42
2019-07-24,9.4,11.53
2019-07-25,9.2,11.56
2019-07-26,9.4,12.77
2019-07-27,10.3,13.16
2019-07-28,10.8,12.78
2019-07-29,10.6,12.91
2019-07-30,10.1,13.24
2019-07-31,9.9,12.18
2019-08-01,10.4,12.14
2019-08-02,10.7,11.88
2019-08-03,11,11.19
2019-08-04,11.4,11.36
2019-08-05,11.9,11.52
2019-08-06,12.1,11.13
2019-08-07,11.7,11.4
2019-08-08,12.2,10.94
2019-08-09,12,10.09
2019-08-10,10.4,10.57
2019-08-11,10.2,10.8
2019-08-12,11.1,10.7
2019-08-13,12,10.92
2019-08-14,12.2,11.61
2019-08-15,11.6,11.79
2019-08-16,10.5,11.84
2019-08-17,10.6,12.15
2019-08-18,12.1,12.33
2019-08-19,12.9,12.58
2019-08-20,12.7,12.56
2019-08-21,12.5,12.77
2019-08-22,11.6,12.72
2019-08-23,10.1,12.75
2019-08-24,10.1,12.67
2019-08-25,10.8,12.81
2019-08-26,11.6,
2019-08-27,12.2,12.92
2019-08-28,11.6,12.94
2019-08-29,11.6,13.05
2019-08-30,12.1,
2019-08-31,13.1,13.22
2019-09-01,13.7,
2019-09-02,13.6,13.33
2019-09-03,13.1,
2019-09-04,12.6,
2019-09-05,12.7,
2019-09-06,11.8,13.29
2019-09-07,11.3,13.1
2019-09-08,10,12.99
2019-09-09,9.9,13.23
2019-09-10,9.4,13.83
2019-09-11,7.6,14.59
2019-09-12,7.7,15.01
2019-09-13,8.1,15.37
2019-09-14,9.2,15.75
2019-09-15,9.8,16
2019-09-16,9.2,16.33
2019-09-17,8.5,16.43
2019-09-18,8.9,16.49
2019-09-19,9.2,16.65
2019-09-20,7.2,16.82
2019-09-21,6.7,16.91
2019-09-22,6.6,16.9
2019-09-23,6.9,17.03
2019-09-24,7.2,
2019-09-25,7.9,17.22
2019-09-26,7.3,17.21
2019-09-27,7.8,17.25
2019-09-28,8.5,17.38
2019-09-29,8.8,17.79
2019-09-30,9.6,18.37