"","waterYear","wy_doy","Date","predicted_ice_probability","predicted_ice_binary"
"1",1984,209,1984-04-26,1,1
"2",1984,210,1984-04-27,1,1
"3",1984,211,1984-04-28,1,1
"4",1984,212,1984-04-29,1,1
"5",1984,213,1984-04-30,1,1
"6",1984,214,1984-05-01,1,1
"7",1984,215,1984-05-02,1,1
"8",1984,224,1984-05-11,1,1
"9",1984,225,1984-05-12,1,1
"10",1984,226,1984-05-13,1,1
"11",1984,227,1984-05-14,0.988,1
"12",1984,228,1984-05-15,0.998,1
"13",1984,229,1984-05-16,0.976,1
"14",1984,230,1984-05-17,0.978,1
"15",1984,231,1984-05-18,0.974,1
"16",1984,232,1984-05-19,0.972,1
"17",1984,233,1984-05-20,0.98,1
"18",1984,234,1984-05-21,0.946,1
"19",1984,235,1984-05-22,0.952,1
"20",1984,236,1984-05-23,0.76,1
"21",1984,237,1984-05-24,0.72,1
"22",1984,238,1984-05-25,0.86,1
"23",1984,239,1984-05-26,0.86,1
"24",1984,240,1984-05-27,0.82,1
"25",1984,241,1984-05-28,0.674,1
"26",1984,242,1984-05-29,0.524,1
"27",1984,243,1984-05-30,0.512,1
"28",1984,244,1984-05-31,0.518,1
"29",1984,245,1984-06-01,0.546,1
"30",1984,246,1984-06-02,0.544,1
"31",1984,247,1984-06-03,0.532,1
"32",1984,248,1984-06-04,0.398,0
"33",1984,249,1984-06-05,0.482,0
"34",1984,250,1984-06-06,0.48,0
"35",1984,251,1984-06-07,0.48,0
"36",1984,252,1984-06-08,0.428,0
"37",1984,253,1984-06-09,0.344,0
"38",1984,254,1984-06-10,0.268,0
"39",1984,255,1984-06-11,0.186,0
"40",1984,256,1984-06-12,0.314,0
"41",1984,257,1984-06-13,0.246,0
"42",1984,258,1984-06-14,0.07,0
"43",1984,259,1984-06-15,0.082,0
"44",1984,260,1984-06-16,0.102,0
"45",1984,261,1984-06-17,0.152,0
"46",1984,262,1984-06-18,0.122,0
"47",1984,263,1984-06-19,0.05,0
"48",1984,264,1984-06-20,0.014,0
"49",1984,265,1984-06-21,0.012,0
"50",1984,266,1984-06-22,0.01,0
"51",1984,267,1984-06-23,0.004,0
"52",1984,268,1984-06-24,0,0
"53",1984,269,1984-06-25,0.006,0
"54",1984,270,1984-06-26,0.004,0
"55",1984,271,1984-06-27,0.002,0
"56",1984,272,1984-06-28,0,0
"57",1984,273,1984-06-29,0.004,0
"58",1984,274,1984-06-30,0.014,0
"59",1984,275,1984-07-01,0.002,0
"60",1984,276,1984-07-02,0.018,0
"61",1984,277,1984-07-03,0.01,0
"62",1985,213,1985-05-01,0.996,1
"63",1985,214,1985-05-02,0.992,1
"64",1985,215,1985-05-03,0.972,1
"65",1985,216,1985-05-04,0.894,1
"66",1985,217,1985-05-05,0.97,1
"67",1985,218,1985-05-06,0.994,1
"68",1985,219,1985-05-07,0.98,1
"69",1985,220,1985-05-08,0.998,1
"70",1985,221,1985-05-09,0.99,1
"71",1985,222,1985-05-10,0.994,1
"72",1985,223,1985-05-11,0.994,1
"73",1985,224,1985-05-12,0.994,1
"74",1985,225,1985-05-13,0.998,1
"75",1985,226,1985-05-14,0.998,1
"76",1985,227,1985-05-15,0.888,1
"77",1985,228,1985-05-16,0.888,1
"78",1985,229,1985-05-17,0.89,1
"79",1985,230,1985-05-18,0.898,1
"80",1985,231,1985-05-19,0.954,1
"81",1985,232,1985-05-20,0.944,1
"82",1985,233,1985-05-21,0.978,1
"83",1985,234,1985-05-22,0.972,1
"84",1985,235,1985-05-23,0.956,1
"85",1985,236,1985-05-24,0.952,1
"86",1985,237,1985-05-25,0.98,1
"87",1985,238,1985-05-26,0.98,1
"88",1985,239,1985-05-27,0.968,1
"89",1985,240,1985-05-28,0.938,1
"90",1985,241,1985-05-29,0.872,1
"91",1985,242,1985-05-30,0.818,1
"92",1985,243,1985-05-31,0.81,1
"93",1985,244,1985-06-01,0.802,1
"94",1985,245,1985-06-02,0.708,1
"95",1985,246,1985-06-03,0.612,1
"96",1985,247,1985-06-04,0.692,1
"97",1985,248,1985-06-05,0.59,1
"98",1985,249,1985-06-06,0.552,1
"99",1985,250,1985-06-07,0.578,1
"100",1985,251,1985-06-08,0.586,1
"101",1985,252,1985-06-09,0.614,1
"102",1985,253,1985-06-10,0.576,1
"103",1985,254,1985-06-11,0.296,0
"104",1985,255,1985-06-12,0.224,0
"105",1985,256,1985-06-13,0.154,0
"106",1985,257,1985-06-14,0.11,0
"107",1985,258,1985-06-15,0.086,0
"108",1985,259,1985-06-16,0.106,0
"109",1985,260,1985-06-17,0.082,0
"110",1985,261,1985-06-18,0.046,0
"111",1985,262,1985-06-19,0.032,0
"112",1985,263,1985-06-20,0.034,0
"113",1985,264,1985-06-21,0.026,0
"114",1985,265,1985-06-22,0.022,0
"115",1985,266,1985-06-23,0.006,0
"116",1985,267,1985-06-24,0.002,0
"117",1985,268,1985-06-25,0.006,0
"118",1985,269,1985-06-26,0.006,0
"119",1985,270,1985-06-27,0.012,0
"120",1985,283,1985-07-10,0.004,0
"121",1986,215,1986-05-03,0.986,1
"122",1986,216,1986-05-04,0.962,1
"123",1986,225,1986-05-13,1,1
"124",1986,226,1986-05-14,1,1
"125",1986,227,1986-05-15,1,1
"126",1986,228,1986-05-16,1,1
"127",1986,229,1986-05-17,1,1
"128",1986,230,1986-05-18,1,1
"129",1986,231,1986-05-19,1,1
"130",1986,232,1986-05-20,1,1
"131",1986,233,1986-05-21,1,1
"132",1986,234,1986-05-22,0.998,1
"133",1986,235,1986-05-23,0.994,1
"134",1986,236,1986-05-24,0.998,1
"135",1986,237,1986-05-25,0.996,1
"136",1986,238,1986-05-26,0.998,1
"137",1986,239,1986-05-27,0.998,1
"138",1986,240,1986-05-28,0.996,1
"139",1986,241,1986-05-29,0.972,1
"140",1986,242,1986-05-30,0.956,1
"141",1986,243,1986-05-31,0.926,1
"142",1986,244,1986-06-01,0.904,1
"143",1986,245,1986-06-02,0.858,1
"144",1986,246,1986-06-03,0.766,1
"145",1986,247,1986-06-04,0.684,1
"146",1986,248,1986-06-05,0.706,1
"147",1986,249,1986-06-06,0.704,1
"148",1986,250,1986-06-07,0.73,1
"149",1986,251,1986-06-08,0.672,1
"150",1986,252,1986-06-09,0.522,1
"151",1986,253,1986-06-10,0.432,0
"152",1986,254,1986-06-11,0.254,0
"153",1986,255,1986-06-12,0.192,0
"154",1986,256,1986-06-13,0.12,0
"155",1986,257,1986-06-14,0.084,0
"156",1986,258,1986-06-15,0.048,0
"157",1986,259,1986-06-16,0.068,0
"158",1986,260,1986-06-17,0.074,0
"159",1986,261,1986-06-18,0.032,0
"160",1986,262,1986-06-19,0.022,0
"161",1986,263,1986-06-20,0.026,0
"162",1986,264,1986-06-21,0.01,0
"163",1986,265,1986-06-22,0.014,0
"164",1986,266,1986-06-23,0.006,0
"165",1986,267,1986-06-24,0.01,0
"166",1986,268,1986-06-25,0.004,0
"167",1986,269,1986-06-26,0.004,0
"168",1986,270,1986-06-27,0,0
"169",1986,271,1986-06-28,0,0
"170",1986,272,1986-06-29,0.002,0
"171",1986,273,1986-06-30,0.002,0
"172",1986,274,1986-07-01,0.004,0
"173",1986,288,1986-07-15,0.002,0
"174",1987,281,1987-07-08,0.452,0
"175",1987,282,1987-07-09,0.412,0
"176",1987,283,1987-07-10,0.354,0
"177",1987,284,1987-07-11,0.294,0
"178",1987,285,1987-07-12,0.28,0
"179",1987,286,1987-07-13,0.252,0
"180",1987,287,1987-07-14,0.222,0
"181",1988,205,1988-04-22,1,1
"182",1988,206,1988-04-23,1,1
"183",1988,207,1988-04-24,1,1
"184",1988,208,1988-04-25,1,1
"185",1988,209,1988-04-26,1,1
"186",1988,210,1988-04-27,0.998,1
"187",1988,211,1988-04-28,0.998,1
"188",1988,212,1988-04-29,1,1
"189",1988,213,1988-04-30,0.996,1
"190",1988,214,1988-05-01,0.908,1
"191",1988,215,1988-05-02,0.996,1
"192",1988,216,1988-05-03,0.996,1
"193",1988,217,1988-05-04,0.998,1
"194",1988,218,1988-05-05,0.998,1
"195",1988,219,1988-05-06,0.998,1
"196",1988,220,1988-05-07,1,1
"197",1988,221,1988-05-08,0.998,1
"198",1988,222,1988-05-09,0.996,1
"199",1988,223,1988-05-10,0.91,1
"200",1988,224,1988-05-11,0.998,1
"201",1988,225,1988-05-12,0.992,1
"202",1988,226,1988-05-13,0.994,1
"203",1988,227,1988-05-14,0.998,1
"204",1988,228,1988-05-15,0.996,1
"205",1988,229,1988-05-16,0.998,1
"206",1988,230,1988-05-17,0.992,1
"207",1988,231,1988-05-18,0.992,1
"208",1988,232,1988-05-19,0.998,1
"209",1988,233,1988-05-20,0.996,1
"210",1988,234,1988-05-21,0.912,1
"211",1988,235,1988-05-22,0.916,1
"212",1988,236,1988-05-23,0.808,1
"213",1988,237,1988-05-24,0.936,1
"214",1988,238,1988-05-25,0.928,1
"215",1988,239,1988-05-26,0.922,1
"216",1988,240,1988-05-27,0.896,1
"217",1988,241,1988-05-28,0.796,1
"218",1988,242,1988-05-29,0.662,1
"219",1988,243,1988-05-30,0.582,1
"220",1988,244,1988-05-31,0.58,1
"221",1988,245,1988-06-01,0.502,1
"222",1988,246,1988-06-02,0.516,1
"223",1988,247,1988-06-03,0.444,0
"224",1988,248,1988-06-04,0.36,0
"225",1988,249,1988-06-05,0.316,0
"226",1988,250,1988-06-06,0.282,0
"227",1988,251,1988-06-07,0.214,0
"228",1988,252,1988-06-08,0.182,0
"229",1988,253,1988-06-09,0.114,0
"230",1988,254,1988-06-10,0.052,0
"231",1988,255,1988-06-11,0.038,0
"232",1988,256,1988-06-12,0.032,0
"233",1988,257,1988-06-13,0.014,0
"234",1988,258,1988-06-14,0.012,0
"235",1988,259,1988-06-15,0.006,0
"236",1988,260,1988-06-16,0.01,0
"237",1988,261,1988-06-17,0,0
"238",1988,262,1988-06-18,0.004,0
"239",1988,263,1988-06-19,0.008,0
"240",1988,264,1988-06-20,0.004,0
"241",1988,265,1988-06-21,0.002,0
"242",1988,266,1988-06-22,0.002,0
"243",1988,267,1988-06-23,0.002,0
"244",1988,268,1988-06-24,0.002,0
"245",1988,269,1988-06-25,0.004,0
"246",1988,270,1988-06-26,0.012,0
"247",1988,271,1988-06-27,0.008,0
"248",1988,272,1988-06-28,0.008,0
"249",1988,273,1988-06-29,0.006,0
"250",1988,274,1988-06-30,0,0
"251",1988,275,1988-07-01,0.002,0
"252",1988,276,1988-07-02,0,0
"253",1988,277,1988-07-03,0,0
"254",1988,278,1988-07-04,0,0
"255",1988,279,1988-07-05,0,0
"256",1988,280,1988-07-06,0,0
"257",1988,281,1988-07-07,0,0
"258",1988,282,1988-07-08,0.002,0
"259",1988,283,1988-07-09,0,0
"260",1988,284,1988-07-10,0,0
"261",1988,285,1988-07-11,0.004,0
"262",1988,286,1988-07-12,0.002,0
"263",1991,172,1991-03-21,0.998,1
"264",1991,173,1991-03-22,0.998,1
"265",1991,174,1991-03-23,0.998,1
"266",1991,175,1991-03-24,0.998,1
"267",1991,176,1991-03-25,0.998,1
"268",1991,177,1991-03-26,0.998,1
"269",1991,178,1991-03-27,1,1
"270",1991,179,1991-03-28,1,1
"271",1991,180,1991-03-29,1,1
"272",1991,181,1991-03-30,1,1
"273",1991,182,1991-03-31,1,1
"274",1991,183,1991-04-01,1,1
"275",1991,184,1991-04-02,1,1
"276",1991,198,1991-04-16,1,1
"277",1991,199,1991-04-17,1,1
"278",1991,200,1991-04-18,1,1
"279",1991,201,1991-04-19,1,1
"280",1991,202,1991-04-20,1,1
"281",1991,203,1991-04-21,1,1
"282",1991,204,1991-04-22,1,1
"283",1991,205,1991-04-23,1,1
"284",1991,206,1991-04-24,1,1
"285",1991,207,1991-04-25,1,1
"286",1991,208,1991-04-26,1,1
"287",1991,209,1991-04-27,1,1
"288",1991,210,1991-04-28,1,1
"289",1991,211,1991-04-29,1,1
"290",1991,212,1991-04-30,1,1
"291",1991,213,1991-05-01,1,1
"292",1991,214,1991-05-02,1,1
"293",1991,215,1991-05-03,1,1
"294",1991,216,1991-05-04,1,1
"295",1991,217,1991-05-05,1,1
"296",1991,218,1991-05-06,1,1
"297",1991,219,1991-05-07,1,1
"298",1991,220,1991-05-08,1,1
"299",1991,221,1991-05-09,1,1
"300",1991,222,1991-05-10,1,1
"301",1991,223,1991-05-11,0.998,1
"302",1991,224,1991-05-12,0.998,1
"303",1991,225,1991-05-13,0.998,1
"304",1991,226,1991-05-14,0.998,1
"305",1991,227,1991-05-15,0.996,1
"306",1991,228,1991-05-16,0.998,1
"307",1991,229,1991-05-17,0.998,1
"308",1991,230,1991-05-18,0.99,1
"309",1991,231,1991-05-19,0.992,1
"310",1991,232,1991-05-20,0.994,1
"311",1991,233,1991-05-21,0.966,1
"312",1991,234,1991-05-22,0.95,1
"313",1991,235,1991-05-23,0.936,1
"314",1991,236,1991-05-24,0.77,1
"315",1991,237,1991-05-25,0.718,1
"316",1991,238,1991-05-26,0.614,1
"317",1991,239,1991-05-27,0.448,0
"318",1991,240,1991-05-28,0.384,0
"319",1991,241,1991-05-29,0.35,0
"320",1991,242,1991-05-30,0.234,0
"321",1991,243,1991-05-31,0.138,0
"322",1991,244,1991-06-01,0.132,0
"323",1991,245,1991-06-02,0.078,0
"324",1991,246,1991-06-03,0.064,0
"325",1991,247,1991-06-04,0.056,0
"326",1991,248,1991-06-05,0.06,0
"327",1991,249,1991-06-06,0.016,0
"328",1991,250,1991-06-07,0.044,0
"329",1991,251,1991-06-08,0.028,0
"330",1991,252,1991-06-09,0.028,0
"331",1991,253,1991-06-10,0.018,0
"332",1991,254,1991-06-11,0.022,0
"333",1991,255,1991-06-12,0.018,0
"334",1991,256,1991-06-13,0.01,0
"335",1991,257,1991-06-14,0.012,0
"336",1991,258,1991-06-15,0.014,0
"337",1991,259,1991-06-16,0.012,0
"338",1991,260,1991-06-17,0.01,0
"339",1991,261,1991-06-18,0.004,0
"340",1991,262,1991-06-19,0.002,0
"341",1991,263,1991-06-20,0,0
"342",1991,264,1991-06-21,0,0
"343",1991,265,1991-06-22,0,0
"344",1991,266,1991-06-23,0,0
"345",1991,267,1991-06-24,0.002,0
"346",1991,268,1991-06-25,0,0
"347",1991,269,1991-06-26,0,0
"348",1991,270,1991-06-27,0.002,0
"349",1991,271,1991-06-28,0.002,0
"350",1991,272,1991-06-29,0.002,0
"351",1991,273,1991-06-30,0,0
"352",1991,274,1991-07-01,0.002,0
"353",1991,275,1991-07-02,0.004,0
"354",1992,203,1992-04-20,1,1
"355",1992,204,1992-04-21,1,1
"356",1992,205,1992-04-22,1,1
"357",1992,206,1992-04-23,1,1
"358",1992,207,1992-04-24,1,1
"359",1992,208,1992-04-25,0.998,1
"360",1992,209,1992-04-26,0.998,1
"361",1992,210,1992-04-27,0.998,1
"362",1992,211,1992-04-28,0.998,1
"363",1992,212,1992-04-29,0.998,1
"364",1992,213,1992-04-30,0.998,1
"365",1992,214,1992-05-01,0.998,1
"366",1992,215,1992-05-02,1,1
"367",1992,216,1992-05-03,1,1
"368",1992,217,1992-05-04,1,1
"369",1992,218,1992-05-05,1,1
"370",1992,219,1992-05-06,0.998,1
"371",1992,220,1992-05-07,0.996,1
"372",1992,221,1992-05-08,0.994,1
"373",1992,222,1992-05-09,0.99,1
"374",1992,223,1992-05-10,0.986,1
"375",1992,224,1992-05-11,0.982,1
"376",1992,225,1992-05-12,0.982,1
"377",1992,226,1992-05-13,0.986,1
"378",1992,227,1992-05-14,0.986,1
"379",1992,228,1992-05-15,0.912,1
"380",1992,229,1992-05-16,0.874,1
"381",1992,230,1992-05-17,0.844,1
"382",1992,231,1992-05-18,0.808,1
"383",1992,232,1992-05-19,0.798,1
"384",1992,233,1992-05-20,0.82,1
"385",1992,234,1992-05-21,0.734,1
"386",1992,235,1992-05-22,0.6,1
"387",1992,236,1992-05-23,0.436,0
"388",1992,237,1992-05-24,0.22,0
"389",1992,238,1992-05-25,0.146,0
"390",1992,239,1992-05-26,0.122,0
"391",1992,281,1992-07-07,0.016,0
"392",1993,182,1993-03-31,1,1
"393",1993,183,1993-04-01,1,1
"394",1993,184,1993-04-02,1,1
"395",1993,185,1993-04-03,1,1
"396",1993,186,1993-04-04,1,1
"397",1993,187,1993-04-05,1,1
"398",1993,188,1993-04-06,1,1
"399",1993,189,1993-04-07,1,1
"400",1993,190,1993-04-08,1,1
"401",1993,191,1993-04-09,1,1
"402",1993,192,1993-04-10,1,1
"403",1993,193,1993-04-11,1,1
"404",1993,194,1993-04-12,1,1
"405",1993,195,1993-04-13,1,1
"406",1993,209,1993-04-27,1,1
"407",1993,210,1993-04-28,1,1
"408",1993,211,1993-04-29,1,1
"409",1993,212,1993-04-30,1,1
"410",1993,213,1993-05-01,1,1
"411",1993,214,1993-05-02,1,1
"412",1993,215,1993-05-03,1,1
"413",1993,216,1993-05-04,1,1
"414",1993,217,1993-05-05,1,1
"415",1993,218,1993-05-06,1,1
"416",1993,219,1993-05-07,1,1
"417",1993,220,1993-05-08,1,1
"418",1993,221,1993-05-09,1,1
"419",1993,222,1993-05-10,1,1
"420",1993,223,1993-05-11,1,1
"421",1993,236,1993-05-24,1,1
"422",1993,237,1993-05-25,1,1
"423",1993,238,1993-05-26,0.99,1
"424",1993,239,1993-05-27,0.98,1
"425",1993,240,1993-05-28,0.966,1
"426",1993,241,1993-05-29,0.972,1
"427",1993,242,1993-05-30,0.972,1
"428",1993,243,1993-05-31,0.948,1
"429",1993,244,1993-06-01,0.904,1
"430",1993,245,1993-06-02,0.866,1
"431",1993,246,1993-06-03,0.85,1
"432",1993,247,1993-06-04,0.828,1
"433",1993,248,1993-06-05,0.818,1
"434",1993,249,1993-06-06,0.804,1
"435",1993,250,1993-06-07,0.798,1
"436",1993,251,1993-06-08,0.774,1
"437",1993,265,1993-06-22,0.506,1
"438",1993,266,1993-06-23,0.478,0
"439",1993,267,1993-06-24,0.398,0
"440",1993,268,1993-06-25,0.294,0
"441",1993,269,1993-06-26,0.22,0
"442",1993,270,1993-06-27,0.186,0
"443",1993,271,1993-06-28,0.11,0
"444",1993,272,1993-06-29,0.088,0
"445",1993,273,1993-06-30,0.056,0
"446",1993,274,1993-07-01,0.062,0
"447",1993,275,1993-07-02,0.068,0
"448",1993,276,1993-07-03,0.054,0
"449",1993,277,1993-07-04,0.044,0
"450",1993,278,1993-07-05,0.042,0
"451",1994,181,1994-03-30,1,1
"452",1994,182,1994-03-31,1,1
"453",1994,183,1994-04-01,1,1
"454",1994,184,1994-04-02,1,1
"455",1994,185,1994-04-03,1,1
"456",1994,186,1994-04-04,1,1
"457",1994,187,1994-04-05,1,1
"458",1994,188,1994-04-06,1,1
"459",1994,189,1994-04-07,1,1
"460",1994,190,1994-04-08,1,1
"461",1994,191,1994-04-09,1,1
"462",1994,192,1994-04-10,1,1
"463",1994,193,1994-04-11,1,1
"464",1994,194,1994-04-12,1,1
"465",1994,195,1994-04-13,1,1
"466",1994,196,1994-04-14,1,1
"467",1994,197,1994-04-15,1,1
"468",1994,198,1994-04-16,1,1
"469",1994,199,1994-04-17,1,1
"470",1994,200,1994-04-18,1,1
"471",1994,201,1994-04-19,1,1
"472",1994,202,1994-04-20,1,1
"473",1994,203,1994-04-21,1,1
"474",1994,204,1994-04-22,1,1
"475",1994,205,1994-04-23,1,1
"476",1994,206,1994-04-24,1,1
"477",1994,207,1994-04-25,1,1
"478",1994,208,1994-04-26,1,1
"479",1994,209,1994-04-27,1,1
"480",1994,210,1994-04-28,1,1
"481",1994,211,1994-04-29,1,1
"482",1994,212,1994-04-30,1,1
"483",1994,213,1994-05-01,1,1
"484",1994,214,1994-05-02,1,1
"485",1994,215,1994-05-03,1,1
"486",1994,216,1994-05-04,1,1
"487",1994,217,1994-05-05,1,1
"488",1994,218,1994-05-06,1,1
"489",1994,219,1994-05-07,0.998,1
"490",1994,220,1994-05-08,0.996,1
"491",1994,221,1994-05-09,0.992,1
"492",1994,222,1994-05-10,0.99,1
"493",1994,223,1994-05-11,0.99,1
"494",1994,224,1994-05-12,0.986,1
"495",1994,225,1994-05-13,0.982,1
"496",1994,226,1994-05-14,0.978,1
"497",1994,227,1994-05-15,0.944,1
"498",1994,228,1994-05-16,0.854,1
"499",1994,229,1994-05-17,0.81,1
"500",1994,230,1994-05-18,0.814,1
"501",1994,231,1994-05-19,0.806,1
"502",1994,232,1994-05-20,0.812,1
"503",1994,233,1994-05-21,0.834,1
"504",1994,234,1994-05-22,0.828,1
"505",1994,235,1994-05-23,0.804,1
"506",1994,236,1994-05-24,0.788,1
"507",1994,237,1994-05-25,0.74,1
"508",1994,238,1994-05-26,0.62,1
"509",1994,239,1994-05-27,0.586,1
"510",1994,240,1994-05-28,0.538,1
"511",1994,241,1994-05-29,0.45,0
"512",1994,242,1994-05-30,0.38,0
"513",1994,243,1994-05-31,0.314,0
"514",1994,244,1994-06-01,0.234,0
"515",1994,245,1994-06-02,0.166,0
"516",1994,246,1994-06-03,0.094,0
"517",1994,247,1994-06-04,0.08,0
"518",1994,248,1994-06-05,0.06,0
"519",1994,249,1994-06-06,0.034,0
"520",1994,250,1994-06-07,0.032,0
"521",1994,251,1994-06-08,0.008,0
"522",1994,252,1994-06-09,0.002,0
"523",1994,253,1994-06-10,0.002,0
"524",1994,254,1994-06-11,0,0
"525",1994,255,1994-06-12,0.002,0
"526",1994,256,1994-06-13,0.004,0
"527",1994,257,1994-06-14,0,0
"528",1994,258,1994-06-15,0,0
"529",1994,259,1994-06-16,0.008,0
"530",1994,260,1994-06-17,0.004,0
"531",1994,261,1994-06-18,0.026,0
"532",1994,262,1994-06-19,0.07,0
"533",1994,263,1994-06-20,0.104,0
"534",1994,264,1994-06-21,0.16,0
"535",1994,278,1994-07-05,0.002,0
"536",1995,172,1995-03-21,1,1
"537",1995,173,1995-03-22,1,1
"538",1995,174,1995-03-23,1,1
"539",1995,175,1995-03-24,1,1
"540",1995,176,1995-03-25,1,1
"541",1995,177,1995-03-26,1,1
"542",1995,178,1995-03-27,1,1
"543",1995,179,1995-03-28,1,1
"544",1995,193,1995-04-11,1,1
"545",1995,194,1995-04-12,1,1
"546",1995,195,1995-04-13,1,1
"547",1995,196,1995-04-14,1,1
"548",1995,197,1995-04-15,1,1
"549",1995,198,1995-04-16,1,1
"550",1995,199,1995-04-17,1,1
"551",1995,200,1995-04-18,1,1
"552",1995,201,1995-04-19,1,1
"553",1995,202,1995-04-20,1,1
"554",1995,203,1995-04-21,1,1
"555",1995,204,1995-04-22,1,1
"556",1995,205,1995-04-23,1,1
"557",1995,206,1995-04-24,1,1
"558",1995,207,1995-04-25,1,1
"559",1995,208,1995-04-26,1,1
"560",1995,209,1995-04-27,1,1
"561",1995,210,1995-04-28,1,1
"562",1995,211,1995-04-29,1,1
"563",1995,212,1995-04-30,1,1
"564",1995,213,1995-05-01,1,1
"565",1995,214,1995-05-02,1,1
"566",1995,215,1995-05-03,1,1
"567",1995,216,1995-05-04,1,1
"568",1995,217,1995-05-05,1,1
"569",1995,218,1995-05-06,1,1
"570",1995,219,1995-05-07,1,1
"571",1995,220,1995-05-08,1,1
"572",1995,221,1995-05-09,1,1
"573",1995,222,1995-05-10,1,1
"574",1995,223,1995-05-11,1,1
"575",1995,224,1995-05-12,1,1
"576",1995,225,1995-05-13,1,1
"577",1995,226,1995-05-14,1,1
"578",1995,227,1995-05-15,1,1
"579",1995,228,1995-05-16,1,1
"580",1995,229,1995-05-17,1,1
"581",1995,230,1995-05-18,1,1
"582",1995,231,1995-05-19,0.994,1
"583",1995,232,1995-05-20,0.99,1
"584",1995,233,1995-05-21,0.99,1
"585",1995,234,1995-05-22,0.984,1
"586",1995,235,1995-05-23,0.984,1
"587",1995,236,1995-05-24,0.988,1
"588",1995,237,1995-05-25,0.988,1
"589",1995,238,1995-05-26,0.988,1
"590",1995,239,1995-05-27,0.988,1
"591",1995,240,1995-05-28,0.988,1
"592",1995,241,1995-05-29,0.992,1
"593",1995,242,1995-05-30,0.994,1
"594",1995,277,1995-07-04,0.8,1
"595",1995,278,1995-07-05,0.79,1
"596",1995,279,1995-07-06,0.686,1
"597",1995,280,1995-07-07,0.606,1
"598",1995,281,1995-07-08,0.476,0
"599",1995,282,1995-07-09,0.42,0
"600",1995,283,1995-07-10,0.376,0
"601",1995,284,1995-07-11,0.324,0
"602",1996,172,1996-03-20,1,1
"603",1996,173,1996-03-21,1,1
"604",1996,174,1996-03-22,1,1
"605",1996,175,1996-03-23,1,1
"606",1996,176,1996-03-24,1,1
"607",1996,177,1996-03-25,1,1
"608",1996,178,1996-03-26,1,1
"609",1996,179,1996-03-27,1,1
"610",1996,180,1996-03-28,1,1
"611",1996,181,1996-03-29,1,1
"612",1996,182,1996-03-30,1,1
"613",1996,183,1996-03-31,1,1
"614",1996,184,1996-04-01,1,1
"615",1996,185,1996-04-02,1,1
"616",1996,199,1996-04-16,1,1
"617",1996,213,1996-04-30,1,1
"618",1996,234,1996-05-21,0.968,1
"619",1996,235,1996-05-22,0.966,1
"620",1996,236,1996-05-23,0.97,1
"621",1996,237,1996-05-24,0.97,1
"622",1996,238,1996-05-25,0.968,1
"623",1996,239,1996-05-26,0.96,1
"624",1996,240,1996-05-27,0.954,1
"625",1996,241,1996-05-28,0.948,1
"626",1996,242,1996-05-29,0.95,1
"627",1996,243,1996-05-30,0.948,1
"628",1996,244,1996-05-31,0.884,1
"629",1996,245,1996-06-01,0.866,1
"630",1996,246,1996-06-02,0.84,1
"631",1996,247,1996-06-03,0.786,1
"632",1996,248,1996-06-04,0.672,1
"633",1996,249,1996-06-05,0.682,1
"634",1996,250,1996-06-06,0.588,1
"635",1996,251,1996-06-07,0.508,1
"636",1996,252,1996-06-08,0.34,0
"637",1996,253,1996-06-09,0.294,0
"638",1996,254,1996-06-10,0.258,0
"639",1996,255,1996-06-11,0.224,0
"640",1996,256,1996-06-12,0.204,0
"641",1996,257,1996-06-13,0.106,0
"642",1996,258,1996-06-14,0.064,0
"643",1996,259,1996-06-15,0.034,0
"644",1996,260,1996-06-16,0.03,0
"645",1996,261,1996-06-17,0.01,0
"646",1996,262,1996-06-18,0.004,0
"647",1996,263,1996-06-19,0.006,0
"648",1996,264,1996-06-20,0.006,0
"649",1996,265,1996-06-21,0.006,0
"650",1996,266,1996-06-22,0.008,0
"651",1996,267,1996-06-23,0.008,0
"652",1996,268,1996-06-24,0.012,0
"653",1996,269,1996-06-25,0.006,0
"654",1996,283,1996-07-09,0,0
"655",1996,284,1996-07-10,0,0
"656",1996,285,1996-07-11,0,0
"657",1996,286,1996-07-12,0,0
"658",1996,287,1996-07-13,0.002,0
"659",1996,288,1996-07-14,0,0
"660",1997,172,1997-03-21,1,1
"661",1997,173,1997-03-22,1,1
"662",1997,174,1997-03-23,1,1
"663",1997,175,1997-03-24,1,1
"664",1997,176,1997-03-25,1,1
"665",1997,177,1997-03-26,1,1
"666",1997,178,1997-03-27,1,1
"667",1997,179,1997-03-28,1,1
"668",1997,180,1997-03-29,1,1
"669",1997,181,1997-03-30,1,1
"670",1997,182,1997-03-31,1,1
"671",1997,183,1997-04-01,1,1
"672",1997,184,1997-04-02,1,1
"673",1997,185,1997-04-03,1,1
"674",1997,186,1997-04-04,1,1
"675",1997,187,1997-04-05,1,1
"676",1997,188,1997-04-06,1,1
"677",1997,189,1997-04-07,1,1
"678",1997,190,1997-04-08,1,1
"679",1997,191,1997-04-09,1,1
"680",1997,192,1997-04-10,1,1
"681",1997,193,1997-04-11,0.998,1
"682",1997,194,1997-04-12,1,1
"683",1997,195,1997-04-13,1,1
"684",1997,196,1997-04-14,1,1
"685",1997,197,1997-04-15,1,1
"686",1997,198,1997-04-16,1,1
"687",1997,199,1997-04-17,1,1
"688",1997,200,1997-04-18,1,1
"689",1997,201,1997-04-19,1,1
"690",1997,202,1997-04-20,1,1
"691",1997,203,1997-04-21,1,1
"692",1997,204,1997-04-22,1,1
"693",1997,205,1997-04-23,1,1
"694",1997,206,1997-04-24,1,1
"695",1997,207,1997-04-25,1,1
"696",1997,208,1997-04-26,1,1
"697",1997,209,1997-04-27,1,1
"698",1997,210,1997-04-28,1,1
"699",1997,211,1997-04-29,1,1
"700",1997,212,1997-04-30,1,1
"701",1997,213,1997-05-01,1,1
"702",1997,214,1997-05-02,1,1
"703",1997,215,1997-05-03,1,1
"704",1997,216,1997-05-04,1,1
"705",1997,217,1997-05-05,1,1
"706",1997,218,1997-05-06,1,1
"707",1997,219,1997-05-07,1,1
"708",1997,220,1997-05-08,1,1
"709",1997,221,1997-05-09,1,1
"710",1997,222,1997-05-10,1,1
"711",1997,223,1997-05-11,1,1
"712",1997,224,1997-05-12,0.996,1
"713",1997,225,1997-05-13,0.996,1
"714",1997,226,1997-05-14,1,1
"715",1997,227,1997-05-15,0.996,1
"716",1997,228,1997-05-16,0.994,1
"717",1997,229,1997-05-17,0.952,1
"718",1997,230,1997-05-18,0.942,1
"719",1997,231,1997-05-19,0.934,1
"720",1997,232,1997-05-20,0.902,1
"721",1997,233,1997-05-21,0.882,1
"722",1997,234,1997-05-22,0.854,1
"723",1997,235,1997-05-23,0.864,1
"724",1997,236,1997-05-24,0.866,1
"725",1997,237,1997-05-25,0.87,1
"726",1997,238,1997-05-26,0.872,1
"727",1997,239,1997-05-27,0.876,1
"728",1997,240,1997-05-28,0.772,1
"729",1997,241,1997-05-29,0.73,1
"730",1997,242,1997-05-30,0.696,1
"731",1997,243,1997-05-31,0.726,1
"732",1997,244,1997-06-01,0.7,1
"733",1997,245,1997-06-02,0.62,1
"734",1997,246,1997-06-03,0.542,1
"735",1997,247,1997-06-04,0.392,0
"736",1997,248,1997-06-05,0.294,0
"737",1997,249,1997-06-06,0.186,0
"738",1997,250,1997-06-07,0.106,0
"739",1997,251,1997-06-08,0.054,0
"740",1997,252,1997-06-09,0.05,0
"741",1997,253,1997-06-10,0.034,0
"742",1997,254,1997-06-11,0.022,0
"743",1997,255,1997-06-12,0.02,0
"744",1997,256,1997-06-13,0.048,0
"745",1997,257,1997-06-14,0.026,0
"746",1997,258,1997-06-15,0.032,0
"747",1997,259,1997-06-16,0.008,0
"748",1997,260,1997-06-17,0.002,0
"749",1997,261,1997-06-18,0.004,0
"750",1997,262,1997-06-19,0.002,0
"751",1997,263,1997-06-20,0.01,0
"752",1997,264,1997-06-21,0.012,0
"753",1997,265,1997-06-22,0.016,0
"754",1997,266,1997-06-23,0.032,0
"755",1997,267,1997-06-24,0.034,0
"756",1997,268,1997-06-25,0.004,0
"757",1997,269,1997-06-26,0.008,0
"758",1997,270,1997-06-27,0.004,0
"759",1997,271,1997-06-28,0,0
"760",1997,272,1997-06-29,0,0
"761",1997,273,1997-06-30,0,0
"762",1997,274,1997-07-01,0,0
"763",1997,275,1997-07-02,0.002,0
"764",1997,276,1997-07-03,0,0
"765",1997,277,1997-07-04,0,0
"766",1997,278,1997-07-05,0,0
"767",1997,279,1997-07-06,0,0
"768",1997,280,1997-07-07,0,0
"769",1997,281,1997-07-08,0,0
"770",1997,282,1997-07-09,0,0
"771",1997,283,1997-07-10,0.002,0
"772",1997,284,1997-07-11,0.004,0
"773",1997,285,1997-07-12,0,0
"774",1997,286,1997-07-13,0,0
"775",1997,287,1997-07-14,0,0
"776",1997,288,1997-07-15,0,0
"777",1998,172,1998-03-21,1,1
"778",1998,173,1998-03-22,1,1
"779",1998,174,1998-03-23,1,1
"780",1998,175,1998-03-24,1,1
"781",1998,176,1998-03-25,1,1
"782",1998,177,1998-03-26,1,1
"783",1998,178,1998-03-27,1,1
"784",1998,179,1998-03-28,1,1
"785",1998,180,1998-03-29,1,1
"786",1998,181,1998-03-30,1,1
"787",1998,182,1998-03-31,1,1
"788",1998,196,1998-04-14,1,1
"789",1998,197,1998-04-15,1,1
"790",1998,198,1998-04-16,1,1
"791",1998,199,1998-04-17,1,1
"792",1998,200,1998-04-18,1,1
"793",1998,201,1998-04-19,1,1
"794",1998,202,1998-04-20,1,1
"795",1998,203,1998-04-21,1,1
"796",1998,204,1998-04-22,1,1
"797",1998,205,1998-04-23,1,1
"798",1998,206,1998-04-24,1,1
"799",1998,207,1998-04-25,1,1
"800",1998,208,1998-04-26,1,1
"801",1998,209,1998-04-27,1,1
"802",1998,210,1998-04-28,1,1
"803",1998,211,1998-04-29,1,1
"804",1998,212,1998-04-30,1,1
"805",1998,213,1998-05-01,1,1
"806",1998,214,1998-05-02,1,1
"807",1998,215,1998-05-03,1,1
"808",1998,216,1998-05-04,1,1
"809",1998,217,1998-05-05,1,1
"810",1998,218,1998-05-06,1,1
"811",1998,219,1998-05-07,1,1
"812",1998,220,1998-05-08,1,1
"813",1998,221,1998-05-09,1,1
"814",1998,222,1998-05-10,1,1
"815",1998,223,1998-05-11,1,1
"816",1998,224,1998-05-12,1,1
"817",1998,225,1998-05-13,1,1
"818",1998,226,1998-05-14,1,1
"819",1998,227,1998-05-15,1,1
"820",1998,228,1998-05-16,1,1
"821",1998,229,1998-05-17,0.998,1
"822",1998,230,1998-05-18,0.982,1
"823",1998,231,1998-05-19,0.99,1
"824",1998,232,1998-05-20,0.98,1
"825",1998,233,1998-05-21,0.966,1
"826",1998,234,1998-05-22,0.942,1
"827",1998,235,1998-05-23,0.906,1
"828",1998,236,1998-05-24,0.842,1
"829",1998,237,1998-05-25,0.818,1
"830",1998,238,1998-05-26,0.694,1
"831",1998,252,1998-06-09,0.526,1
"832",1998,253,1998-06-10,0.472,0
"833",1998,254,1998-06-11,0.404,0
"834",1998,255,1998-06-12,0.288,0
"835",1998,256,1998-06-13,0.26,0
"836",1998,257,1998-06-14,0.192,0
"837",1998,258,1998-06-15,0.172,0
"838",1998,259,1998-06-16,0.124,0
"839",1998,260,1998-06-17,0.096,0
"840",1998,261,1998-06-18,0.094,0
"841",1998,262,1998-06-19,0.08,0
"842",1998,263,1998-06-20,0.094,0
"843",1998,264,1998-06-21,0.09,0
"844",1998,265,1998-06-22,0.06,0
"845",1998,266,1998-06-23,0.05,0
"846",1998,267,1998-06-24,0.038,0
"847",1998,268,1998-06-25,0.028,0
"848",1998,269,1998-06-26,0.004,0
"849",1998,270,1998-06-27,0.006,0
"850",1998,271,1998-06-28,0.012,0
"851",1998,272,1998-06-29,0.01,0
"852",1998,273,1998-06-30,0.008,0
"853",1998,274,1998-07-01,0.006,0
"854",1998,275,1998-07-02,0.002,0
"855",1998,276,1998-07-03,0.006,0
"856",1998,277,1998-07-04,0.006,0
"857",1998,278,1998-07-05,0.002,0
"858",1998,279,1998-07-06,0,0
"859",1998,280,1998-07-07,0,0
"860",1998,281,1998-07-08,0,0
"861",1998,282,1998-07-09,0.002,0
"862",1998,283,1998-07-10,0.004,0
"863",1998,284,1998-07-11,0,0
"864",1998,285,1998-07-12,0.002,0
"865",1998,286,1998-07-13,0.002,0
"866",1998,287,1998-07-14,0.002,0
"867",1998,288,1998-07-15,0,0
"868",1999,172,1999-03-21,1,1
"869",1999,173,1999-03-22,1,1
"870",1999,174,1999-03-23,1,1
"871",1999,175,1999-03-24,1,1
"872",1999,176,1999-03-25,1,1
"873",1999,177,1999-03-26,1,1
"874",1999,178,1999-03-27,1,1
"875",1999,179,1999-03-28,1,1
"876",1999,180,1999-03-29,1,1
"877",1999,181,1999-03-30,1,1
"878",1999,182,1999-03-31,1,1
"879",1999,183,1999-04-01,1,1
"880",1999,184,1999-04-02,1,1
"881",1999,185,1999-04-03,1,1
"882",1999,186,1999-04-04,1,1
"883",1999,187,1999-04-05,1,1
"884",1999,188,1999-04-06,1,1
"885",1999,189,1999-04-07,1,1
"886",1999,190,1999-04-08,1,1
"887",1999,191,1999-04-09,1,1
"888",1999,192,1999-04-10,1,1
"889",1999,193,1999-04-11,0.998,1
"890",1999,194,1999-04-12,1,1
"891",1999,195,1999-04-13,1,1
"892",1999,196,1999-04-14,1,1
"893",1999,197,1999-04-15,1,1
"894",1999,198,1999-04-16,0.998,1
"895",1999,199,1999-04-17,1,1
"896",1999,200,1999-04-18,1,1
"897",1999,201,1999-04-19,1,1
"898",1999,202,1999-04-20,1,1
"899",1999,203,1999-04-21,1,1
"900",1999,204,1999-04-22,1,1
"901",1999,205,1999-04-23,1,1
"902",1999,206,1999-04-24,1,1
"903",1999,207,1999-04-25,1,1
"904",1999,208,1999-04-26,0.998,1
"905",1999,209,1999-04-27,1,1
"906",1999,210,1999-04-28,1,1
"907",1999,211,1999-04-29,1,1
"908",1999,212,1999-04-30,1,1
"909",1999,213,1999-05-01,1,1
"910",1999,214,1999-05-02,1,1
"911",1999,215,1999-05-03,1,1
"912",1999,216,1999-05-04,1,1
"913",1999,217,1999-05-05,1,1
"914",1999,218,1999-05-06,1,1
"915",1999,219,1999-05-07,1,1
"916",1999,220,1999-05-08,1,1
"917",1999,221,1999-05-09,1,1
"918",1999,222,1999-05-10,1,1
"919",1999,223,1999-05-11,1,1
"920",1999,224,1999-05-12,1,1
"921",1999,225,1999-05-13,0.998,1
"922",1999,226,1999-05-14,1,1
"923",1999,227,1999-05-15,1,1
"924",1999,228,1999-05-16,1,1
"925",1999,229,1999-05-17,1,1
"926",1999,230,1999-05-18,1,1
"927",1999,231,1999-05-19,1,1
"928",1999,232,1999-05-20,1,1
"929",1999,233,1999-05-21,0.994,1
"930",1999,234,1999-05-22,0.996,1
"931",1999,235,1999-05-23,0.99,1
"932",1999,236,1999-05-24,0.98,1
"933",1999,237,1999-05-25,0.978,1
"934",1999,251,1999-06-08,0.588,1
"935",1999,265,1999-06-22,0.522,1
"936",2000,172,2000-03-20,1,1
"937",2000,173,2000-03-21,1,1
"938",2000,174,2000-03-22,1,1
"939",2000,175,2000-03-23,1,1
"940",2000,176,2000-03-24,1,1
"941",2000,177,2000-03-25,1,1
"942",2000,178,2000-03-26,1,1
"943",2000,179,2000-03-27,1,1
"944",2000,180,2000-03-28,1,1
"945",2000,181,2000-03-29,1,1
"946",2000,182,2000-03-30,1,1
"947",2000,183,2000-03-31,1,1
"948",2000,184,2000-04-01,1,1
"949",2000,185,2000-04-02,1,1
"950",2000,186,2000-04-03,1,1
"951",2000,187,2000-04-04,1,1
"952",2000,188,2000-04-05,1,1
"953",2000,189,2000-04-06,1,1
"954",2000,190,2000-04-07,1,1
"955",2000,191,2000-04-08,1,1
"956",2000,192,2000-04-09,1,1
"957",2000,193,2000-04-10,1,1
"958",2000,194,2000-04-11,1,1
"959",2000,195,2000-04-12,1,1
"960",2000,196,2000-04-13,0.998,1
"961",2000,197,2000-04-14,1,1
"962",2000,198,2000-04-15,1,1
"963",2000,199,2000-04-16,1,1
"964",2000,200,2000-04-17,1,1
"965",2000,201,2000-04-18,1,1
"966",2000,202,2000-04-19,1,1
"967",2000,203,2000-04-20,0.998,1
"968",2000,204,2000-04-21,1,1
"969",2000,205,2000-04-22,1,1
"970",2000,206,2000-04-23,1,1
"971",2000,207,2000-04-24,1,1
"972",2000,208,2000-04-25,1,1
"973",2000,209,2000-04-26,1,1
"974",2000,210,2000-04-27,1,1
"975",2000,211,2000-04-28,1,1
"976",2000,212,2000-04-29,1,1
"977",2000,213,2000-04-30,0.998,1
"978",2000,214,2000-05-01,0.996,1
"979",2000,215,2000-05-02,0.998,1
"980",2000,216,2000-05-03,0.996,1
"981",2000,217,2000-05-04,0.99,1
"982",2000,218,2000-05-05,0.982,1
"983",2000,219,2000-05-06,0.956,1
"984",2000,220,2000-05-07,0.95,1
"985",2000,221,2000-05-08,0.94,1
"986",2000,222,2000-05-09,0.948,1
"987",2000,223,2000-05-10,0.96,1
"988",2000,224,2000-05-11,0.866,1
"989",2000,225,2000-05-12,0.816,1
"990",2000,226,2000-05-13,0.682,1
"991",2000,227,2000-05-14,0.66,1
"992",2000,228,2000-05-15,0.622,1
"993",2000,229,2000-05-16,0.616,1
"994",2000,230,2000-05-17,0.61,1
"995",2000,231,2000-05-18,0.628,1
"996",2000,232,2000-05-19,0.574,1
"997",2000,233,2000-05-20,0.31,0
"998",2000,234,2000-05-21,0.24,0
"999",2000,235,2000-05-22,0.138,0
"1000",2000,236,2000-05-23,0.074,0
"1001",2000,250,2000-06-06,0.042,0
"1002",2000,251,2000-06-07,0.028,0
"1003",2000,252,2000-06-08,0.006,0
"1004",2000,253,2000-06-09,0.004,0
"1005",2000,254,2000-06-10,0.002,0
"1006",2000,255,2000-06-11,0,0
"1007",2000,256,2000-06-12,0,0
"1008",2000,257,2000-06-13,0,0
"1009",2000,258,2000-06-14,0,0
"1010",2000,259,2000-06-15,0,0
"1011",2000,260,2000-06-16,0,0
"1012",2000,261,2000-06-17,0,0
"1013",2000,262,2000-06-18,0,0
"1014",2000,263,2000-06-19,0,0
"1015",2000,264,2000-06-20,0,0
"1016",2000,265,2000-06-21,0,0
"1017",2000,266,2000-06-22,0,0
"1018",2000,267,2000-06-23,0,0
"1019",2000,268,2000-06-24,0,0
"1020",2000,269,2000-06-25,0,0
"1021",2000,270,2000-06-26,0.002,0
"1022",2000,271,2000-06-27,0.002,0
"1023",2000,285,2000-07-11,0,0
"1024",2000,286,2000-07-12,0.002,0
"1025",2000,287,2000-07-13,0,0
"1026",2000,288,2000-07-14,0.002,0
"1027",2001,172,2001-03-21,1,1
"1028",2001,173,2001-03-22,1,1
"1029",2001,174,2001-03-23,1,1
"1030",2001,175,2001-03-24,1,1
"1031",2001,176,2001-03-25,1,1
"1032",2001,177,2001-03-26,1,1
"1033",2001,178,2001-03-27,1,1
"1034",2001,179,2001-03-28,1,1
"1035",2001,180,2001-03-29,1,1
"1036",2001,181,2001-03-30,1,1
"1037",2001,182,2001-03-31,1,1
"1038",2001,183,2001-04-01,1,1
"1039",2001,184,2001-04-02,1,1
"1040",2001,185,2001-04-03,1,1
"1041",2001,186,2001-04-04,1,1
"1042",2001,187,2001-04-05,1,1
"1043",2001,188,2001-04-06,1,1
"1044",2001,189,2001-04-07,1,1
"1045",2001,190,2001-04-08,1,1
"1046",2001,191,2001-04-09,1,1
"1047",2001,192,2001-04-10,1,1
"1048",2001,193,2001-04-11,1,1
"1049",2001,194,2001-04-12,1,1
"1050",2001,195,2001-04-13,1,1
"1051",2001,196,2001-04-14,1,1
"1052",2001,197,2001-04-15,1,1
"1053",2001,198,2001-04-16,1,1
"1054",2001,199,2001-04-17,1,1
"1055",2001,200,2001-04-18,1,1
"1056",2001,201,2001-04-19,1,1
"1057",2001,202,2001-04-20,1,1
"1058",2001,203,2001-04-21,1,1
"1059",2001,204,2001-04-22,1,1
"1060",2001,205,2001-04-23,1,1
"1061",2001,206,2001-04-24,1,1
"1062",2001,207,2001-04-25,1,1
"1063",2001,208,2001-04-26,1,1
"1064",2001,209,2001-04-27,0.998,1
"1065",2001,210,2001-04-28,1,1
"1066",2001,211,2001-04-29,1,1
"1067",2001,212,2001-04-30,1,1
"1068",2001,213,2001-05-01,1,1
"1069",2001,214,2001-05-02,1,1
"1070",2001,215,2001-05-03,0.996,1
"1071",2001,216,2001-05-04,1,1
"1072",2001,217,2001-05-05,0.998,1
"1073",2001,218,2001-05-06,1,1
"1074",2001,219,2001-05-07,0.998,1
"1075",2001,220,2001-05-08,1,1
"1076",2001,221,2001-05-09,1,1
"1077",2001,222,2001-05-10,1,1
"1078",2001,223,2001-05-11,0.996,1
"1079",2001,224,2001-05-12,0.992,1
"1080",2001,225,2001-05-13,0.988,1
"1081",2001,226,2001-05-14,0.966,1
"1082",2001,227,2001-05-15,0.95,1
"1083",2001,228,2001-05-16,0.912,1
"1084",2001,229,2001-05-17,0.882,1
"1085",2001,230,2001-05-18,0.894,1
"1086",2001,231,2001-05-19,0.906,1
"1087",2001,232,2001-05-20,0.896,1
"1088",2001,233,2001-05-21,0.886,1
"1089",2001,234,2001-05-22,0.846,1
"1090",2001,235,2001-05-23,0.818,1
"1091",2001,236,2001-05-24,0.788,1
"1092",2001,237,2001-05-25,0.774,1
"1093",2001,238,2001-05-26,0.76,1
"1094",2001,239,2001-05-27,0.726,1
"1095",2001,240,2001-05-28,0.702,1
"1096",2001,241,2001-05-29,0.652,1
"1097",2001,242,2001-05-30,0.544,1
"1098",2001,243,2001-05-31,0.456,0
"1099",2001,244,2001-06-01,0.38,0
"1100",2001,245,2001-06-02,0.296,0
"1101",2001,246,2001-06-03,0.27,0
"1102",2001,247,2001-06-04,0.208,0
"1103",2001,248,2001-06-05,0.162,0
"1104",2001,249,2001-06-06,0.112,0
"1105",2001,250,2001-06-07,0.036,0
"1106",2001,251,2001-06-08,0.024,0
"1107",2001,252,2001-06-09,0.022,0
"1108",2001,253,2001-06-10,0.016,0
"1109",2001,254,2001-06-11,0.01,0
"1110",2001,255,2001-06-12,0.01,0
"1111",2001,256,2001-06-13,0.016,0
"1112",2001,257,2001-06-14,0.032,0
"1113",2001,258,2001-06-15,0.05,0
"1114",2001,259,2001-06-16,0.052,0
"1115",2001,260,2001-06-17,0.036,0
"1116",2001,261,2001-06-18,0.026,0
"1117",2001,262,2001-06-19,0.01,0
"1118",2001,263,2001-06-20,0.012,0
"1119",2001,264,2001-06-21,0.018,0
"1120",2001,265,2001-06-22,0.012,0
"1121",2001,266,2001-06-23,0.008,0
"1122",2001,267,2001-06-24,0,0
"1123",2001,268,2001-06-25,0,0
"1124",2001,269,2001-06-26,0,0
"1125",2001,270,2001-06-27,0,0
"1126",2001,271,2001-06-28,0.002,0
"1127",2001,272,2001-06-29,0.01,0
"1128",2001,273,2001-06-30,0.008,0
"1129",2001,274,2001-07-01,0.008,0
"1130",2001,275,2001-07-02,0.01,0
"1131",2001,276,2001-07-03,0.002,0
"1132",2001,277,2001-07-04,0,0
"1133",2001,278,2001-07-05,0,0
"1134",2001,279,2001-07-06,0.002,0
"1135",2001,280,2001-07-07,0,0
"1136",2001,281,2001-07-08,0,0
"1137",2001,282,2001-07-09,0,0
"1138",2001,283,2001-07-10,0.002,0
"1139",2001,284,2001-07-11,0,0
"1140",2001,285,2001-07-12,0,0
"1141",2001,286,2001-07-13,0,0
"1142",2001,287,2001-07-14,0.002,0
"1143",2001,288,2001-07-15,0.002,0
"1144",2002,172,2002-03-21,0.998,1
"1145",2002,173,2002-03-22,0.998,1
"1146",2002,174,2002-03-23,0.998,1
"1147",2002,175,2002-03-24,0.998,1
"1148",2002,176,2002-03-25,0.998,1
"1149",2002,177,2002-03-26,0.998,1
"1150",2002,178,2002-03-27,0.998,1
"1151",2002,179,2002-03-28,0.998,1
"1152",2002,180,2002-03-29,0.998,1
"1153",2002,181,2002-03-30,0.998,1
"1154",2002,182,2002-03-31,0.998,1
"1155",2002,183,2002-04-01,0.998,1
"1156",2002,184,2002-04-02,0.998,1
"1157",2002,185,2002-04-03,1,1
"1158",2002,186,2002-04-04,1,1
"1159",2002,187,2002-04-05,1,1
"1160",2002,188,2002-04-06,1,1
"1161",2002,189,2002-04-07,1,1
"1162",2002,190,2002-04-08,1,1
"1163",2002,191,2002-04-09,1,1
"1164",2002,192,2002-04-10,1,1
"1165",2002,193,2002-04-11,1,1
"1166",2002,194,2002-04-12,1,1
"1167",2002,195,2002-04-13,1,1
"1168",2002,196,2002-04-14,1,1
"1169",2002,197,2002-04-15,1,1
"1170",2002,198,2002-04-16,1,1
"1171",2002,199,2002-04-17,1,1
"1172",2002,200,2002-04-18,1,1
"1173",2002,201,2002-04-19,1,1
"1174",2002,202,2002-04-20,0.998,1
"1175",2002,203,2002-04-21,0.998,1
"1176",2002,204,2002-04-22,0.998,1
"1177",2002,205,2002-04-23,1,1
"1178",2002,206,2002-04-24,0.998,1
"1179",2002,207,2002-04-25,0.998,1
"1180",2002,208,2002-04-26,0.998,1
"1181",2002,209,2002-04-27,0.998,1
"1182",2002,210,2002-04-28,0.998,1
"1183",2002,211,2002-04-29,0.996,1
"1184",2002,212,2002-04-30,0.992,1
"1185",2002,226,2002-05-14,0.894,1
"1186",2002,227,2002-05-15,0.892,1
"1187",2002,228,2002-05-16,0.876,1
"1188",2002,229,2002-05-17,0.836,1
"1189",2002,230,2002-05-18,0.776,1
"1190",2002,231,2002-05-19,0.75,1
"1191",2002,232,2002-05-20,0.744,1
"1192",2002,233,2002-05-21,0.724,1
"1193",2002,234,2002-05-22,0.71,1
"1194",2002,235,2002-05-23,0.726,1
"1195",2002,236,2002-05-24,0.746,1
"1196",2002,237,2002-05-25,0.764,1
"1197",2002,238,2002-05-26,0.784,1
"1198",2002,239,2002-05-27,0.786,1
"1199",2002,240,2002-05-28,0.786,1
"1200",2002,241,2002-05-29,0.682,1
"1201",2002,242,2002-05-30,0.63,1
"1202",2002,243,2002-05-31,0.59,1
"1203",2002,244,2002-06-01,0.554,1
"1204",2002,245,2002-06-02,0.526,1
"1205",2002,246,2002-06-03,0.404,0
"1206",2002,247,2002-06-04,0.342,0
"1207",2002,248,2002-06-05,0.188,0
"1208",2002,249,2002-06-06,0.144,0
"1209",2002,250,2002-06-07,0.208,0
"1210",2002,251,2002-06-08,0.192,0
"1211",2002,252,2002-06-09,0.196,0
"1212",2002,253,2002-06-10,0.194,0
"1213",2002,254,2002-06-11,0.196,0
"1214",2002,255,2002-06-12,0.18,0
"1215",2002,256,2002-06-13,0.154,0
"1216",2002,257,2002-06-14,0.134,0
"1217",2002,258,2002-06-15,0.126,0
"1218",2002,259,2002-06-16,0.122,0
"1219",2002,260,2002-06-17,0.112,0
"1220",2002,261,2002-06-18,0.116,0
"1221",2002,262,2002-06-19,0.118,0
"1222",2002,263,2002-06-20,0.086,0
"1223",2002,264,2002-06-21,0.078,0
"1224",2002,265,2002-06-22,0.066,0
"1225",2002,266,2002-06-23,0.046,0
"1226",2002,267,2002-06-24,0.046,0
"1227",2002,268,2002-06-25,0.046,0
"1228",2002,282,2002-07-09,0.012,0
"1229",2002,283,2002-07-10,0.016,0
"1230",2002,284,2002-07-11,0.018,0
"1231",2002,285,2002-07-12,0.05,0
"1232",2002,286,2002-07-13,0.062,0
"1233",2002,287,2002-07-14,0.082,0
"1234",2002,288,2002-07-15,0.102,0
"1235",2003,177,2003-03-26,1,1
"1236",2003,178,2003-03-27,1,1
"1237",2003,179,2003-03-28,1,1
"1238",2003,180,2003-03-29,1,1
"1239",2003,181,2003-03-30,1,1
"1240",2003,182,2003-03-31,1,1
"1241",2003,183,2003-04-01,1,1
"1242",2003,184,2003-04-02,1,1
"1243",2003,185,2003-04-03,1,1
"1244",2003,186,2003-04-04,1,1
"1245",2003,187,2003-04-05,1,1
"1246",2003,188,2003-04-06,1,1
"1247",2003,189,2003-04-07,1,1
"1248",2003,190,2003-04-08,1,1
"1249",2003,191,2003-04-09,1,1
"1250",2003,192,2003-04-10,1,1
"1251",2003,193,2003-04-11,1,1
"1252",2003,194,2003-04-12,1,1
"1253",2003,195,2003-04-13,1,1
"1254",2003,196,2003-04-14,1,1
"1255",2003,197,2003-04-15,1,1
"1256",2003,198,2003-04-16,1,1
"1257",2003,199,2003-04-17,1,1
"1258",2003,200,2003-04-18,1,1
"1259",2003,201,2003-04-19,1,1
"1260",2003,202,2003-04-20,1,1
"1261",2003,203,2003-04-21,1,1
"1262",2003,204,2003-04-22,1,1
"1263",2003,205,2003-04-23,1,1
"1264",2003,206,2003-04-24,1,1
"1265",2003,207,2003-04-25,1,1
"1266",2003,208,2003-04-26,1,1
"1267",2003,209,2003-04-27,1,1
"1268",2003,210,2003-04-28,1,1
"1269",2003,211,2003-04-29,1,1
"1270",2003,212,2003-04-30,1,1
"1271",2003,213,2003-05-01,1,1
"1272",2003,214,2003-05-02,1,1
"1273",2003,215,2003-05-03,1,1
"1274",2003,216,2003-05-04,1,1
"1275",2003,217,2003-05-05,1,1
"1276",2003,218,2003-05-06,1,1
"1277",2003,232,2003-05-20,1,1
"1278",2003,246,2003-06-03,0.84,1
"1279",2003,247,2003-06-04,0.808,1
"1280",2003,248,2003-06-05,0.73,1
"1281",2003,249,2003-06-06,0.65,1
"1282",2003,250,2003-06-07,0.59,1
"1283",2003,251,2003-06-08,0.54,1
"1284",2003,252,2003-06-09,0.448,0
"1285",2003,253,2003-06-10,0.336,0
"1286",2003,254,2003-06-11,0.268,0
"1287",2003,255,2003-06-12,0.284,0
"1288",2003,256,2003-06-13,0.264,0
"1289",2003,257,2003-06-14,0.24,0
"1290",2003,258,2003-06-15,0.236,0
"1291",2003,259,2003-06-16,0.196,0
"1292",2003,260,2003-06-17,0.172,0
"1293",2003,261,2003-06-18,0.12,0
"1294",2003,262,2003-06-19,0.096,0
"1295",2003,263,2003-06-20,0.098,0
"1296",2003,264,2003-06-21,0.108,0
"1297",2003,265,2003-06-22,0.094,0
"1298",2003,266,2003-06-23,0.06,0
"1299",2003,267,2003-06-24,0.048,0
"1300",2003,268,2003-06-25,0.03,0
"1301",2003,269,2003-06-26,0.018,0
"1302",2003,270,2003-06-27,0.008,0
"1303",2003,271,2003-06-28,0.012,0
"1304",2003,272,2003-06-29,0.016,0
"1305",2003,273,2003-06-30,0.006,0
"1306",2003,274,2003-07-01,0.006,0
"1307",2003,275,2003-07-02,0.006,0
"1308",2003,276,2003-07-03,0.006,0
"1309",2003,277,2003-07-04,0.006,0
"1310",2003,278,2003-07-05,0.002,0
"1311",2003,279,2003-07-06,0.002,0
"1312",2003,280,2003-07-07,0.002,0
"1313",2003,281,2003-07-08,0.002,0
"1314",2003,282,2003-07-09,0,0
"1315",2003,283,2003-07-10,0,0
"1316",2003,284,2003-07-11,0,0
"1317",2003,285,2003-07-12,0,0
"1318",2003,286,2003-07-13,0,0
"1319",2003,287,2003-07-14,0,0
"1320",2003,288,2003-07-15,0,0
"1321",2004,172,2004-03-20,1,1
"1322",2004,173,2004-03-21,1,1
"1323",2004,174,2004-03-22,1,1
"1324",2004,175,2004-03-23,1,1
"1325",2004,176,2004-03-24,1,1
"1326",2004,177,2004-03-25,1,1
"1327",2004,178,2004-03-26,1,1
"1328",2004,179,2004-03-27,1,1
"1329",2004,180,2004-03-28,1,1
"1330",2004,181,2004-03-29,1,1
"1331",2004,182,2004-03-30,1,1
"1332",2004,196,2004-04-13,1,1
"1333",2004,197,2004-04-14,1,1
"1334",2004,198,2004-04-15,1,1
"1335",2004,199,2004-04-16,1,1
"1336",2004,200,2004-04-17,1,1
"1337",2004,201,2004-04-18,1,1
"1338",2004,202,2004-04-19,1,1
"1339",2004,203,2004-04-20,1,1
"1340",2004,204,2004-04-21,1,1
"1341",2004,205,2004-04-22,1,1
"1342",2004,206,2004-04-23,1,1
"1343",2004,207,2004-04-24,1,1
"1344",2004,208,2004-04-25,0.998,1
"1345",2004,209,2004-04-26,1,1
"1346",2004,210,2004-04-27,1,1
"1347",2004,211,2004-04-28,1,1
"1348",2004,212,2004-04-29,0.994,1
"1349",2004,213,2004-04-30,0.994,1
"1350",2004,214,2004-05-01,1,1
"1351",2004,215,2004-05-02,1,1
"1352",2004,216,2004-05-03,1,1
"1353",2004,217,2004-05-04,1,1
"1354",2004,231,2004-05-18,0.946,1
"1355",2004,266,2004-06-22,0.494,0
"1356",2005,172,2005-03-21,0.992,1
"1357",2005,173,2005-03-22,0.992,1
"1358",2005,174,2005-03-23,0.998,1
"1359",2005,175,2005-03-24,1,1
"1360",2005,176,2005-03-25,1,1
"1361",2005,177,2005-03-26,1,1
"1362",2005,178,2005-03-27,1,1
"1363",2005,179,2005-03-28,1,1
"1364",2005,180,2005-03-29,1,1
"1365",2005,181,2005-03-30,1,1
"1366",2005,182,2005-03-31,1,1
"1367",2005,183,2005-04-01,1,1
"1368",2005,184,2005-04-02,1,1
"1369",2005,185,2005-04-03,1,1
"1370",2005,186,2005-04-04,1,1
"1371",2005,187,2005-04-05,1,1
"1372",2005,188,2005-04-06,1,1
"1373",2005,189,2005-04-07,1,1
"1374",2005,190,2005-04-08,1,1
"1375",2005,191,2005-04-09,1,1
"1376",2005,192,2005-04-10,1,1
"1377",2005,193,2005-04-11,1,1
"1378",2005,194,2005-04-12,1,1
"1379",2005,195,2005-04-13,1,1
"1380",2005,196,2005-04-14,1,1
"1381",2005,197,2005-04-15,0.922,1
"1382",2005,198,2005-04-16,1,1
"1383",2005,199,2005-04-17,1,1
"1384",2005,200,2005-04-18,0.998,1
"1385",2005,201,2005-04-19,1,1
"1386",2005,215,2005-05-03,1,1
"1387",2005,216,2005-05-04,1,1
"1388",2005,217,2005-05-05,1,1
"1389",2005,218,2005-05-06,1,1
"1390",2005,219,2005-05-07,1,1
"1391",2005,220,2005-05-08,1,1
"1392",2005,221,2005-05-09,1,1
"1393",2005,222,2005-05-10,1,1
"1394",2005,236,2005-05-24,0.97,1
"1395",2005,237,2005-05-25,0.958,1
"1396",2005,238,2005-05-26,0.932,1
"1397",2005,239,2005-05-27,0.896,1
"1398",2005,240,2005-05-28,0.872,1
"1399",2005,241,2005-05-29,0.832,1
"1400",2005,242,2005-05-30,0.778,1
"1401",2005,243,2005-05-31,0.682,1
"1402",2006,172,2006-03-21,1,1
"1403",2006,173,2006-03-22,1,1
"1404",2006,174,2006-03-23,1,1
"1405",2006,175,2006-03-24,1,1
"1406",2006,176,2006-03-25,1,1
"1407",2006,177,2006-03-26,1,1
"1408",2006,178,2006-03-27,1,1
"1409",2006,179,2006-03-28,1,1
"1410",2006,180,2006-03-29,1,1
"1411",2006,181,2006-03-30,1,1
"1412",2006,182,2006-03-31,1,1
"1413",2006,183,2006-04-01,1,1
"1414",2006,184,2006-04-02,1,1
"1415",2006,185,2006-04-03,1,1
"1416",2006,186,2006-04-04,1,1
"1417",2006,187,2006-04-05,1,1
"1418",2006,188,2006-04-06,1,1
"1419",2006,189,2006-04-07,1,1
"1420",2006,190,2006-04-08,1,1
"1421",2006,191,2006-04-09,1,1
"1422",2006,192,2006-04-10,1,1
"1423",2006,193,2006-04-11,1,1
"1424",2006,194,2006-04-12,1,1
"1425",2006,195,2006-04-13,1,1
"1426",2006,196,2006-04-14,1,1
"1427",2006,197,2006-04-15,1,1
"1428",2006,198,2006-04-16,1,1
"1429",2006,199,2006-04-17,1,1
"1430",2006,200,2006-04-18,1,1
"1431",2006,201,2006-04-19,0.922,1
"1432",2006,202,2006-04-20,0.8,1
"1433",2006,203,2006-04-21,0.842,1
"1434",2006,204,2006-04-22,0.998,1
"1435",2006,205,2006-04-23,0.984,1
"1436",2006,206,2006-04-24,0.994,1
"1437",2006,207,2006-04-25,0.994,1
"1438",2006,208,2006-04-26,1,1
"1439",2006,209,2006-04-27,0.926,1
"1440",2006,210,2006-04-28,0.906,1
"1441",2006,211,2006-04-29,0.994,1
"1442",2006,212,2006-04-30,0.928,1
"1443",2006,213,2006-05-01,0.998,1
"1444",2006,214,2006-05-02,0.998,1
"1445",2006,215,2006-05-03,0.994,1
"1446",2006,216,2006-05-04,0.992,1
"1447",2006,217,2006-05-05,0.988,1
"1448",2006,218,2006-05-06,0.998,1
"1449",2006,219,2006-05-07,0.998,1
"1450",2006,220,2006-05-08,0.998,1
"1451",2006,221,2006-05-09,0.998,1
"1452",2006,222,2006-05-10,1,1
"1453",2006,223,2006-05-11,1,1
"1454",2006,224,2006-05-12,0.996,1
"1455",2006,225,2006-05-13,0.992,1
"1456",2006,226,2006-05-14,0.986,1
"1457",2006,227,2006-05-15,0.982,1
"1458",2006,228,2006-05-16,0.92,1
"1459",2006,229,2006-05-17,0.968,1
"1460",2006,230,2006-05-18,0.958,1
"1461",2006,231,2006-05-19,0.87,1
"1462",2006,232,2006-05-20,0.814,1
"1463",2006,233,2006-05-21,0.756,1
"1464",2006,234,2006-05-22,0.664,1
"1465",2006,235,2006-05-23,0.632,1
"1466",2006,236,2006-05-24,0.42,0
"1467",2006,237,2006-05-25,0.376,0
"1468",2006,238,2006-05-26,0.376,0
"1469",2006,239,2006-05-27,0.296,0
"1470",2006,240,2006-05-28,0.202,0
"1471",2006,241,2006-05-29,0.156,0
"1472",2006,242,2006-05-30,0.09,0
"1473",2006,263,2006-06-20,0.004,0
"1474",2006,277,2006-07-04,0,0
"1475",2007,172,2007-03-21,1,1
"1476",2007,173,2007-03-22,1,1
"1477",2007,174,2007-03-23,1,1
"1478",2007,175,2007-03-24,1,1
"1479",2007,176,2007-03-25,1,1
"1480",2007,177,2007-03-26,1,1
"1481",2007,178,2007-03-27,1,1
"1482",2007,179,2007-03-28,1,1
"1483",2007,180,2007-03-29,1,1
"1484",2007,181,2007-03-30,1,1
"1485",2007,182,2007-03-31,1,1
"1486",2007,183,2007-04-01,1,1
"1487",2007,184,2007-04-02,1,1
"1488",2007,185,2007-04-03,1,1
"1489",2007,186,2007-04-04,1,1
"1490",2007,187,2007-04-05,1,1
"1491",2007,188,2007-04-06,1,1
"1492",2007,189,2007-04-07,1,1
"1493",2007,190,2007-04-08,1,1
"1494",2007,191,2007-04-09,1,1
"1495",2007,192,2007-04-10,1,1
"1496",2007,193,2007-04-11,1,1
"1497",2007,194,2007-04-12,1,1
"1498",2007,195,2007-04-13,1,1
"1499",2007,196,2007-04-14,1,1
"1500",2007,197,2007-04-15,1,1
"1501",2007,198,2007-04-16,1,1
"1502",2007,199,2007-04-17,0.998,1
"1503",2007,200,2007-04-18,0.998,1
"1504",2007,201,2007-04-19,1,1
"1505",2007,202,2007-04-20,1,1
"1506",2007,203,2007-04-21,1,1
"1507",2007,204,2007-04-22,1,1
"1508",2007,205,2007-04-23,1,1
"1509",2007,206,2007-04-24,1,1
"1510",2007,207,2007-04-25,1,1
"1511",2007,208,2007-04-26,1,1
"1512",2007,209,2007-04-27,1,1
"1513",2007,210,2007-04-28,1,1
"1514",2007,211,2007-04-29,1,1
"1515",2007,212,2007-04-30,1,1
"1516",2007,213,2007-05-01,1,1
"1517",2007,214,2007-05-02,0.994,1
"1518",2007,215,2007-05-03,0.988,1
"1519",2007,216,2007-05-04,0.974,1
"1520",2007,217,2007-05-05,0.994,1
"1521",2007,218,2007-05-06,0.998,1
"1522",2007,219,2007-05-07,1,1
"1523",2007,220,2007-05-08,1,1
"1524",2007,221,2007-05-09,1,1
"1525",2007,222,2007-05-10,1,1
"1526",2007,223,2007-05-11,0.996,1
"1527",2007,224,2007-05-12,0.988,1
"1528",2007,225,2007-05-13,0.968,1
"1529",2007,226,2007-05-14,0.956,1
"1530",2007,227,2007-05-15,0.942,1
"1531",2007,228,2007-05-16,0.93,1
"1532",2007,229,2007-05-17,0.872,1
"1533",2007,230,2007-05-18,0.862,1
"1534",2007,231,2007-05-19,0.882,1
"1535",2007,232,2007-05-20,0.874,1
"1536",2007,233,2007-05-21,0.87,1
"1537",2007,234,2007-05-22,0.886,1
"1538",2007,235,2007-05-23,0.876,1
"1539",2007,236,2007-05-24,0.838,1
"1540",2007,237,2007-05-25,0.81,1
"1541",2007,238,2007-05-26,0.816,1
"1542",2007,239,2007-05-27,0.802,1
"1543",2007,240,2007-05-28,0.78,1
"1544",2007,241,2007-05-29,0.774,1
"1545",2007,242,2007-05-30,0.696,1
"1546",2007,243,2007-05-31,0.61,1
"1547",2007,244,2007-06-01,0.522,1
"1548",2007,245,2007-06-02,0.498,0
"1549",2007,246,2007-06-03,0.394,0
"1550",2007,247,2007-06-04,0.324,0
"1551",2007,248,2007-06-05,0.272,0
"1552",2007,249,2007-06-06,0.238,0
"1553",2007,250,2007-06-07,0.178,0
"1554",2007,251,2007-06-08,0.118,0
"1555",2007,252,2007-06-09,0.062,0
"1556",2007,253,2007-06-10,0.048,0
"1557",2007,254,2007-06-11,0.028,0
"1558",2007,255,2007-06-12,0.018,0
"1559",2007,256,2007-06-13,0.006,0
"1560",2007,257,2007-06-14,0.006,0
"1561",2007,258,2007-06-15,0.018,0
"1562",2007,259,2007-06-16,0.016,0
"1563",2007,260,2007-06-17,0.02,0
"1564",2007,261,2007-06-18,0.022,0
"1565",2007,262,2007-06-19,0.022,0
"1566",2007,263,2007-06-20,0.006,0
"1567",2007,264,2007-06-21,0.002,0
"1568",2007,265,2007-06-22,0,0
"1569",2007,266,2007-06-23,0,0
"1570",2007,267,2007-06-24,0,0
"1571",2007,268,2007-06-25,0,0
"1572",2007,269,2007-06-26,0.002,0
"1573",2007,270,2007-06-27,0,0
"1574",2007,271,2007-06-28,0,0
"1575",2007,272,2007-06-29,0,0
"1576",2007,273,2007-06-30,0,0
"1577",2007,274,2007-07-01,0,0
"1578",2007,275,2007-07-02,0,0
"1579",2007,276,2007-07-03,0,0
"1580",2007,277,2007-07-04,0,0
"1581",2007,278,2007-07-05,0,0
"1582",2007,279,2007-07-06,0,0
"1583",2007,280,2007-07-07,0,0
"1584",2007,281,2007-07-08,0.002,0
"1585",2007,282,2007-07-09,0,0
"1586",2007,283,2007-07-10,0,0
"1587",2007,284,2007-07-11,0,0
"1588",2007,285,2007-07-12,0,0
"1589",2007,286,2007-07-13,0,0
"1590",2007,287,2007-07-14,0,0
"1591",2007,288,2007-07-15,0,0
"1592",2008,172,2008-03-20,1,1
"1593",2008,173,2008-03-21,1,1
"1594",2008,174,2008-03-22,1,1
"1595",2008,175,2008-03-23,1,1
"1596",2008,176,2008-03-24,1,1
"1597",2008,177,2008-03-25,1,1
"1598",2008,178,2008-03-26,1,1
"1599",2008,179,2008-03-27,1,1
"1600",2008,180,2008-03-28,1,1
"1601",2008,181,2008-03-29,1,1
"1602",2008,182,2008-03-30,1,1
"1603",2008,183,2008-03-31,1,1
"1604",2008,184,2008-04-01,1,1
"1605",2008,185,2008-04-02,1,1
"1606",2008,186,2008-04-03,1,1
"1607",2008,187,2008-04-04,1,1
"1608",2008,188,2008-04-05,1,1
"1609",2008,189,2008-04-06,1,1
"1610",2008,190,2008-04-07,1,1
"1611",2008,191,2008-04-08,1,1
"1612",2008,192,2008-04-09,1,1
"1613",2008,193,2008-04-10,1,1
"1614",2008,194,2008-04-11,1,1
"1615",2008,195,2008-04-12,1,1
"1616",2008,196,2008-04-13,1,1
"1617",2008,197,2008-04-14,1,1
"1618",2008,198,2008-04-15,1,1
"1619",2008,199,2008-04-16,1,1
"1620",2008,200,2008-04-17,1,1
"1621",2008,201,2008-04-18,1,1
"1622",2008,202,2008-04-19,1,1
"1623",2008,203,2008-04-20,1,1
"1624",2008,204,2008-04-21,1,1
"1625",2008,205,2008-04-22,1,1
"1626",2008,206,2008-04-23,1,1
"1627",2008,207,2008-04-24,1,1
"1628",2008,208,2008-04-25,1,1
"1629",2008,209,2008-04-26,0.996,1
"1630",2008,210,2008-04-27,1,1
"1631",2008,211,2008-04-28,1,1
"1632",2008,212,2008-04-29,1,1
"1633",2008,213,2008-04-30,1,1
"1634",2008,214,2008-05-01,1,1
"1635",2008,215,2008-05-02,1,1
"1636",2008,216,2008-05-03,1,1
"1637",2008,217,2008-05-04,1,1
"1638",2008,218,2008-05-05,1,1
"1639",2008,219,2008-05-06,0.998,1
"1640",2008,220,2008-05-07,0.996,1
"1641",2008,221,2008-05-08,1,1
"1642",2008,222,2008-05-09,1,1
"1643",2008,223,2008-05-10,1,1
"1644",2008,224,2008-05-11,1,1
"1645",2008,225,2008-05-12,1,1
"1646",2008,226,2008-05-13,1,1
"1647",2008,227,2008-05-14,1,1
"1648",2008,228,2008-05-15,1,1
"1649",2008,229,2008-05-16,1,1
"1650",2008,230,2008-05-17,1,1
"1651",2008,231,2008-05-18,1,1
"1652",2008,232,2008-05-19,0.992,1
"1653",2008,233,2008-05-20,0.98,1
"1654",2008,234,2008-05-21,0.972,1
"1655",2008,235,2008-05-22,0.972,1
"1656",2008,236,2008-05-23,0.972,1
"1657",2008,237,2008-05-24,0.988,1
"1658",2008,238,2008-05-25,0.994,1
"1659",2008,239,2008-05-26,0.994,1
"1660",2008,240,2008-05-27,0.996,1
"1661",2008,241,2008-05-28,0.994,1
"1662",2008,242,2008-05-29,1,1
"1663",2008,243,2008-05-30,0.98,1
"1664",2008,244,2008-05-31,0.96,1
"1665",2008,245,2008-06-01,0.922,1
"1666",2008,246,2008-06-02,0.914,1
"1667",2008,247,2008-06-03,0.892,1
"1668",2008,248,2008-06-04,0.88,1
"1669",2008,249,2008-06-05,0.846,1
"1670",2008,250,2008-06-06,0.8,1
"1671",2008,251,2008-06-07,0.74,1
"1672",2008,252,2008-06-08,0.588,1
"1673",2008,253,2008-06-09,0.512,1
"1674",2008,254,2008-06-10,0.442,0
"1675",2008,268,2008-06-24,0.21,0
"1676",2008,269,2008-06-25,0.138,0
"1677",2008,270,2008-06-26,0.104,0
"1678",2008,271,2008-06-27,0.068,0
"1679",2008,272,2008-06-28,0.05,0
"1680",2008,273,2008-06-29,0.05,0
"1681",2008,274,2008-06-30,0.03,0
"1682",2008,275,2008-07-01,0.016,0
"1683",2009,183,2009-04-01,1,1
"1684",2009,184,2009-04-02,1,1
"1685",2009,185,2009-04-03,1,1
"1686",2009,186,2009-04-04,1,1
"1687",2009,187,2009-04-05,1,1
"1688",2009,188,2009-04-06,1,1
"1689",2009,189,2009-04-07,1,1
"1690",2009,190,2009-04-08,1,1
"1691",2009,191,2009-04-09,1,1
"1692",2009,192,2009-04-10,1,1
"1693",2009,193,2009-04-11,0.998,1
"1694",2009,194,2009-04-12,1,1
"1695",2009,195,2009-04-13,1,1
"1696",2009,196,2009-04-14,1,1
"1697",2009,197,2009-04-15,1,1
"1698",2009,198,2009-04-16,1,1
"1699",2009,199,2009-04-17,1,1
"1700",2009,200,2009-04-18,1,1
"1701",2009,201,2009-04-19,1,1
"1702",2009,202,2009-04-20,1,1
"1703",2009,203,2009-04-21,1,1
"1704",2009,204,2009-04-22,1,1
"1705",2009,205,2009-04-23,1,1
"1706",2009,206,2009-04-24,1,1
"1707",2009,207,2009-04-25,1,1
"1708",2009,208,2009-04-26,1,1
"1709",2009,209,2009-04-27,1,1
"1710",2009,210,2009-04-28,1,1
"1711",2009,211,2009-04-29,1,1
"1712",2009,212,2009-04-30,1,1
"1713",2009,213,2009-05-01,1,1
"1714",2009,214,2009-05-02,1,1
"1715",2009,215,2009-05-03,1,1
"1716",2009,216,2009-05-04,1,1
"1717",2009,217,2009-05-05,1,1
"1718",2009,218,2009-05-06,1,1
"1719",2009,219,2009-05-07,1,1
"1720",2009,220,2009-05-08,1,1
"1721",2009,221,2009-05-09,1,1
"1722",2009,222,2009-05-10,1,1
"1723",2009,223,2009-05-11,1,1
"1724",2009,224,2009-05-12,1,1
"1725",2009,225,2009-05-13,1,1
"1726",2009,226,2009-05-14,1,1
"1727",2009,227,2009-05-15,1,1
"1728",2009,228,2009-05-16,0.992,1
"1729",2009,229,2009-05-17,0.986,1
"1730",2009,230,2009-05-18,0.964,1
"1731",2009,231,2009-05-19,0.962,1
"1732",2009,232,2009-05-20,0.958,1
"1733",2009,233,2009-05-21,0.956,1
"1734",2009,234,2009-05-22,0.93,1
"1735",2009,235,2009-05-23,0.926,1
"1736",2009,236,2009-05-24,0.902,1
"1737",2009,237,2009-05-25,0.878,1
"1738",2009,238,2009-05-26,0.87,1
"1739",2009,239,2009-05-27,0.848,1
"1740",2009,240,2009-05-28,0.836,1
"1741",2009,241,2009-05-29,0.752,1
"1742",2009,242,2009-05-30,0.66,1
"1743",2009,243,2009-05-31,0.628,1
"1744",2009,244,2009-06-01,0.632,1
"1745",2009,245,2009-06-02,0.624,1
"1746",2009,246,2009-06-03,0.596,1
"1747",2009,247,2009-06-04,0.61,1
"1748",2009,248,2009-06-05,0.644,1
"1749",2009,249,2009-06-06,0.59,1
"1750",2009,250,2009-06-07,0.532,1
"1751",2009,251,2009-06-08,0.482,0
"1752",2009,252,2009-06-09,0.382,0
"1753",2009,253,2009-06-10,0.324,0
"1754",2009,254,2009-06-11,0.234,0
"1755",2009,255,2009-06-12,0.138,0
"1756",2009,256,2009-06-13,0.092,0
"1757",2009,257,2009-06-14,0.068,0
"1758",2009,258,2009-06-15,0.054,0
"1759",2009,259,2009-06-16,0.038,0
"1760",2009,260,2009-06-17,0.02,0
"1761",2009,261,2009-06-18,0.01,0
"1762",2009,262,2009-06-19,0.004,0
"1763",2009,263,2009-06-20,0.006,0
"1764",2009,264,2009-06-21,0.01,0
"1765",2009,265,2009-06-22,0.006,0
"1766",2009,266,2009-06-23,0.004,0
"1767",2009,267,2009-06-24,0.008,0
"1768",2009,268,2009-06-25,0.018,0
"1769",2009,269,2009-06-26,0.018,0
"1770",2009,270,2009-06-27,0.008,0
"1771",2009,271,2009-06-28,0.006,0
"1772",2009,272,2009-06-29,0.002,0
"1773",2009,273,2009-06-30,0.004,0
"1774",2009,287,2009-07-14,0,0
"1775",2009,288,2009-07-15,0,0
"1776",2010,172,2010-03-21,1,1
"1777",2010,173,2010-03-22,1,1
"1778",2010,174,2010-03-23,1,1
"1779",2010,175,2010-03-24,1,1
"1780",2010,176,2010-03-25,1,1
"1781",2010,177,2010-03-26,1,1
"1782",2010,178,2010-03-27,1,1
"1783",2010,179,2010-03-28,1,1
"1784",2010,180,2010-03-29,1,1
"1785",2010,181,2010-03-30,1,1
"1786",2010,182,2010-03-31,1,1
"1787",2010,183,2010-04-01,1,1
"1788",2010,184,2010-04-02,1,1
"1789",2010,185,2010-04-03,1,1
"1790",2010,186,2010-04-04,1,1
"1791",2010,187,2010-04-05,1,1
"1792",2010,188,2010-04-06,1,1
"1793",2010,189,2010-04-07,1,1
"1794",2010,190,2010-04-08,1,1
"1795",2010,191,2010-04-09,1,1
"1796",2010,192,2010-04-10,1,1
"1797",2010,193,2010-04-11,1,1
"1798",2010,194,2010-04-12,1,1
"1799",2010,195,2010-04-13,1,1
"1800",2010,196,2010-04-14,1,1
"1801",2010,197,2010-04-15,1,1
"1802",2010,198,2010-04-16,1,1
"1803",2010,199,2010-04-17,1,1
"1804",2010,200,2010-04-18,1,1
"1805",2010,201,2010-04-19,1,1
"1806",2010,202,2010-04-20,1,1
"1807",2010,203,2010-04-21,1,1
"1808",2010,204,2010-04-22,1,1
"1809",2010,205,2010-04-23,1,1
"1810",2010,206,2010-04-24,1,1
"1811",2010,207,2010-04-25,1,1
"1812",2010,208,2010-04-26,1,1
"1813",2010,209,2010-04-27,1,1
"1814",2010,223,2010-05-11,1,1
"1815",2010,224,2010-05-12,1,1
"1816",2010,225,2010-05-13,1,1
"1817",2010,226,2010-05-14,1,1
"1818",2010,227,2010-05-15,1,1
"1819",2010,228,2010-05-16,1,1
"1820",2010,229,2010-05-17,1,1
"1821",2010,230,2010-05-18,1,1
"1822",2010,231,2010-05-19,1,1
"1823",2010,232,2010-05-20,1,1
"1824",2010,233,2010-05-21,0.992,1
"1825",2010,234,2010-05-22,0.984,1
"1826",2010,235,2010-05-23,0.968,1
"1827",2010,236,2010-05-24,0.97,1
"1828",2010,237,2010-05-25,0.974,1
"1829",2010,238,2010-05-26,0.982,1
"1830",2010,239,2010-05-27,0.928,1
"1831",2010,240,2010-05-28,0.888,1
"1832",2010,241,2010-05-29,0.878,1
"1833",2010,242,2010-05-30,0.884,1
"1834",2010,243,2010-05-31,0.89,1
"1835",2010,244,2010-06-01,0.884,1
"1836",2010,245,2010-06-02,0.862,1
"1837",2010,246,2010-06-03,0.858,1
"1838",2010,247,2010-06-04,0.848,1
"1839",2010,248,2010-06-05,0.842,1
"1840",2010,249,2010-06-06,0.756,1
"1841",2010,250,2010-06-07,0.576,1
"1842",2010,251,2010-06-08,0.486,0
"1843",2010,252,2010-06-09,0.414,0
"1844",2010,253,2010-06-10,0.306,0
"1845",2010,254,2010-06-11,0.246,0
"1846",2010,255,2010-06-12,0.186,0
"1847",2010,256,2010-06-13,0.148,0
"1848",2010,257,2010-06-14,0.106,0
"1849",2010,258,2010-06-15,0.074,0
"1850",2010,259,2010-06-16,0.058,0
"1851",2010,260,2010-06-17,0.052,0
"1852",2010,261,2010-06-18,0.048,0
"1853",2010,262,2010-06-19,0.03,0
"1854",2010,263,2010-06-20,0.028,0
"1855",2010,264,2010-06-21,0.028,0
"1856",2010,265,2010-06-22,0.026,0
"1857",2010,266,2010-06-23,0.018,0
"1858",2010,267,2010-06-24,0.004,0
"1859",2010,268,2010-06-25,0.008,0
"1860",2010,269,2010-06-26,0.008,0
"1861",2010,270,2010-06-27,0.006,0
"1862",2010,271,2010-06-28,0.006,0
"1863",2010,272,2010-06-29,0.006,0
"1864",2010,273,2010-06-30,0.006,0
"1865",2010,274,2010-07-01,0.002,0
"1866",2010,275,2010-07-02,0.002,0
"1867",2010,276,2010-07-03,0.002,0
"1868",2010,277,2010-07-04,0,0
"1869",2010,278,2010-07-05,0,0
"1870",2010,279,2010-07-06,0,0
"1871",2010,280,2010-07-07,0,0
"1872",2010,281,2010-07-08,0,0
"1873",2010,282,2010-07-09,0.002,0
"1874",2010,283,2010-07-10,0.002,0
"1875",2010,284,2010-07-11,0.006,0
"1876",2010,285,2010-07-12,0.006,0
"1877",2010,286,2010-07-13,0.006,0
"1878",2010,287,2010-07-14,0,0
"1879",2010,288,2010-07-15,0.002,0
"1880",2011,172,2011-03-21,1,1
"1881",2011,173,2011-03-22,1,1
"1882",2011,174,2011-03-23,1,1
"1883",2011,175,2011-03-24,1,1
"1884",2011,176,2011-03-25,1,1
"1885",2011,177,2011-03-26,1,1
"1886",2011,178,2011-03-27,1,1
"1887",2011,179,2011-03-28,1,1
"1888",2011,180,2011-03-29,1,1
"1889",2011,181,2011-03-30,1,1
"1890",2011,182,2011-03-31,1,1
"1891",2011,183,2011-04-01,1,1
"1892",2011,184,2011-04-02,1,1
"1893",2011,185,2011-04-03,1,1
"1894",2011,186,2011-04-04,1,1
"1895",2011,187,2011-04-05,1,1
"1896",2011,188,2011-04-06,1,1
"1897",2011,189,2011-04-07,1,1
"1898",2011,190,2011-04-08,1,1
"1899",2011,191,2011-04-09,1,1
"1900",2011,192,2011-04-10,1,1
"1901",2011,193,2011-04-11,1,1
"1902",2011,194,2011-04-12,1,1
"1903",2011,195,2011-04-13,1,1
"1904",2011,196,2011-04-14,1,1
"1905",2011,197,2011-04-15,1,1
"1906",2011,198,2011-04-16,1,1
"1907",2011,199,2011-04-17,1,1
"1908",2011,200,2011-04-18,1,1
"1909",2011,201,2011-04-19,1,1
"1910",2011,202,2011-04-20,1,1
"1911",2011,203,2011-04-21,1,1
"1912",2011,204,2011-04-22,1,1
"1913",2011,205,2011-04-23,1,1
"1914",2011,206,2011-04-24,1,1
"1915",2011,207,2011-04-25,1,1
"1916",2011,208,2011-04-26,1,1
"1917",2011,209,2011-04-27,1,1
"1918",2011,210,2011-04-28,1,1
"1919",2011,211,2011-04-29,1,1
"1920",2011,212,2011-04-30,1,1
"1921",2011,213,2011-05-01,1,1
"1922",2011,214,2011-05-02,1,1
"1923",2011,215,2011-05-03,1,1
"1924",2011,216,2011-05-04,1,1
"1925",2011,217,2011-05-05,1,1
"1926",2011,218,2011-05-06,1,1
"1927",2011,219,2011-05-07,1,1
"1928",2011,220,2011-05-08,1,1
"1929",2011,221,2011-05-09,1,1
"1930",2011,222,2011-05-10,1,1
"1931",2011,223,2011-05-11,0.998,1
"1932",2011,224,2011-05-12,1,1
"1933",2011,225,2011-05-13,1,1
"1934",2011,226,2011-05-14,1,1
"1935",2011,227,2011-05-15,1,1
"1936",2011,228,2011-05-16,1,1
"1937",2011,229,2011-05-17,1,1
"1938",2011,230,2011-05-18,1,1
"1939",2011,231,2011-05-19,1,1
"1940",2011,232,2011-05-20,1,1
"1941",2011,233,2011-05-21,1,1
"1942",2011,234,2011-05-22,1,1
"1943",2011,235,2011-05-23,1,1
"1944",2011,236,2011-05-24,1,1
"1945",2011,237,2011-05-25,1,1
"1946",2011,238,2011-05-26,1,1
"1947",2011,239,2011-05-27,1,1
"1948",2011,240,2011-05-28,1,1
"1949",2011,241,2011-05-29,0.998,1
"1950",2011,242,2011-05-30,0.998,1
"1951",2011,243,2011-05-31,0.99,1
"1952",2011,244,2011-06-01,0.982,1
"1953",2011,245,2011-06-02,0.946,1
"1954",2011,246,2011-06-03,0.958,1
"1955",2011,247,2011-06-04,0.942,1
"1956",2011,248,2011-06-05,0.91,1
"1957",2011,249,2011-06-06,0.882,1
"1958",2011,250,2011-06-07,0.904,1
"1959",2011,251,2011-06-08,0.91,1
"1960",2011,252,2011-06-09,0.882,1
"1961",2011,253,2011-06-10,0.868,1
"1962",2011,254,2011-06-11,0.866,1
"1963",2011,255,2011-06-12,0.86,1
"1964",2011,256,2011-06-13,0.84,1
"1965",2011,257,2011-06-14,0.838,1
"1966",2011,258,2011-06-15,0.83,1
"1967",2011,259,2011-06-16,0.846,1
"1968",2011,260,2011-06-17,0.736,1
"1969",2011,261,2011-06-18,0.636,1
"1970",2011,262,2011-06-19,0.514,1
"1971",2011,263,2011-06-20,0.458,0
"1972",2011,264,2011-06-21,0.346,0
"1973",2011,265,2011-06-22,0.266,0
"1974",2011,266,2011-06-23,0.25,0
"1975",2011,267,2011-06-24,0.142,0
"1976",2011,268,2011-06-25,0.1,0
"1977",2011,269,2011-06-26,0.064,0
"1978",2011,270,2011-06-27,0.04,0
"1979",2011,271,2011-06-28,0.032,0
"1980",2011,272,2011-06-29,0.038,0
"1981",2011,273,2011-06-30,0.024,0
"1982",2011,274,2011-07-01,0.022,0
"1983",2011,275,2011-07-02,0.012,0
"1984",2011,276,2011-07-03,0.008,0
"1985",2011,277,2011-07-04,0.012,0
"1986",2011,278,2011-07-05,0.012,0
"1987",2011,279,2011-07-06,0.034,0
"1988",2011,280,2011-07-07,0.026,0
"1989",2011,281,2011-07-08,0.016,0
"1990",2011,282,2011-07-09,0.012,0
"1991",2011,283,2011-07-10,0.008,0
"1992",2011,284,2011-07-11,0.01,0
"1993",2011,285,2011-07-12,0.016,0
"1994",2011,286,2011-07-13,0.032,0
"1995",2011,287,2011-07-14,0.008,0
"1996",2011,288,2011-07-15,0.002,0
"1997",2012,172,2012-03-20,1,1
"1998",2012,173,2012-03-21,1,1
"1999",2012,174,2012-03-22,1,1
"2000",2012,175,2012-03-23,1,1
"2001",2012,176,2012-03-24,1,1
"2002",2012,177,2012-03-25,1,1
"2003",2012,178,2012-03-26,1,1
"2004",2012,179,2012-03-27,1,1
"2005",2012,180,2012-03-28,1,1
"2006",2012,181,2012-03-29,1,1
"2007",2012,182,2012-03-30,1,1
"2008",2012,183,2012-03-31,1,1
"2009",2012,184,2012-04-01,1,1
"2010",2012,185,2012-04-02,1,1
"2011",2012,186,2012-04-03,1,1
"2012",2012,187,2012-04-04,1,1
"2013",2012,188,2012-04-05,1,1
"2014",2012,189,2012-04-06,0.996,1
"2015",2012,190,2012-04-07,1,1
"2016",2012,191,2012-04-08,0.998,1
"2017",2012,192,2012-04-09,0.996,1
"2018",2012,193,2012-04-10,0.994,1
"2019",2012,194,2012-04-11,0.992,1
"2020",2012,195,2012-04-12,1,1
"2021",2012,196,2012-04-13,0.986,1
"2022",2012,197,2012-04-14,0.988,1
"2023",2012,198,2012-04-15,0.992,1
"2024",2012,199,2012-04-16,0.994,1
"2025",2012,200,2012-04-17,0.996,1
"2026",2012,201,2012-04-18,1,1
"2027",2012,202,2012-04-19,1,1
"2028",2012,203,2012-04-20,0.904,1
"2029",2012,204,2012-04-21,0.902,1
"2030",2012,205,2012-04-22,0.864,1
"2031",2012,206,2012-04-23,0.866,1
"2032",2012,207,2012-04-24,0.874,1
"2033",2012,208,2012-04-25,0.932,1
"2034",2012,209,2012-04-26,0.928,1
"2035",2012,210,2012-04-27,0.93,1
"2036",2012,211,2012-04-28,0.93,1
"2037",2012,212,2012-04-29,0.918,1
"2038",2012,213,2012-04-30,0.9,1
"2039",2012,214,2012-05-01,0.956,1
"2040",2012,215,2012-05-02,0.952,1
"2041",2012,216,2012-05-03,0.866,1
"2042",2012,217,2012-05-04,0.906,1
"2043",2012,218,2012-05-05,0.868,1
"2044",2012,219,2012-05-06,0.864,1
"2045",2012,220,2012-05-07,0.85,1
"2046",2012,221,2012-05-08,0.858,1
"2047",2012,222,2012-05-09,0.748,1
"2048",2012,223,2012-05-10,0.686,1
"2049",2012,224,2012-05-11,0.692,1
"2050",2012,225,2012-05-12,0.694,1
"2051",2012,226,2012-05-13,0.624,1
"2052",2012,227,2012-05-14,0.624,1
"2053",2012,228,2012-05-15,0.62,1
"2054",2012,229,2012-05-16,0.624,1
"2055",2012,230,2012-05-17,0.55,1
"2056",2012,231,2012-05-18,0.542,1
"2057",2012,232,2012-05-19,0.536,1
"2058",2012,233,2012-05-20,0.53,1
"2059",2012,234,2012-05-21,0.43,0
"2060",2012,235,2012-05-22,0.412,0
"2061",2012,236,2012-05-23,0.384,0
"2062",2012,237,2012-05-24,0.374,0
"2063",2012,238,2012-05-25,0.394,0
"2064",2012,239,2012-05-26,0.392,0
"2065",2012,240,2012-05-27,0.408,0
"2066",2012,241,2012-05-28,0.404,0
"2067",2012,242,2012-05-29,0.404,0
"2068",2012,243,2012-05-30,0.382,0
"2069",2012,244,2012-05-31,0.376,0
"2070",2012,245,2012-06-01,0.322,0
"2071",2012,246,2012-06-02,0.202,0
"2072",2012,247,2012-06-03,0.102,0
"2073",2012,248,2012-06-04,0.064,0
"2074",2012,249,2012-06-05,0.014,0
"2075",2012,250,2012-06-06,0.046,0
"2076",2012,251,2012-06-07,0.06,0
"2077",2012,252,2012-06-08,0.056,0
"2078",2012,253,2012-06-09,0.06,0
"2079",2012,254,2012-06-10,0.062,0
"2080",2012,255,2012-06-11,0.066,0
"2081",2012,256,2012-06-12,0.062,0
"2082",2012,257,2012-06-13,0.036,0
"2083",2012,258,2012-06-14,0.014,0
"2084",2012,259,2012-06-15,0.012,0
"2085",2012,260,2012-06-16,0.01,0
"2086",2012,261,2012-06-17,0.008,0
"2087",2012,262,2012-06-18,0.01,0
"2088",2012,263,2012-06-19,0.004,0
"2089",2012,264,2012-06-20,0.004,0
"2090",2012,265,2012-06-21,0.01,0
"2091",2012,266,2012-06-22,0.014,0
"2092",2012,267,2012-06-23,0.016,0
"2093",2012,268,2012-06-24,0.014,0
"2094",2012,269,2012-06-25,0.008,0
"2095",2012,270,2012-06-26,0.008,0
"2096",2012,271,2012-06-27,0.008,0
"2097",2012,272,2012-06-28,0.004,0
"2098",2012,273,2012-06-29,0.004,0
"2099",2012,274,2012-06-30,0.004,0
"2100",2012,275,2012-07-01,0.012,0
"2101",2012,276,2012-07-02,0.014,0
"2102",2012,277,2012-07-03,0.016,0
"2103",2012,278,2012-07-04,0.004,0
"2104",2012,279,2012-07-05,0.006,0
"2105",2012,280,2012-07-06,0.004,0
"2106",2012,281,2012-07-07,0.002,0
"2107",2012,282,2012-07-08,0.002,0
"2108",2012,283,2012-07-09,0.004,0
"2109",2012,284,2012-07-10,0.008,0
"2110",2012,285,2012-07-11,0.01,0
"2111",2012,286,2012-07-12,0.014,0
"2112",2012,287,2012-07-13,0.018,0
"2113",2012,288,2012-07-14,0.014,0
"2114",2013,172,2013-03-21,1,1
"2115",2013,173,2013-03-22,1,1
"2116",2013,174,2013-03-23,1,1
"2117",2013,175,2013-03-24,1,1
"2118",2013,176,2013-03-25,1,1
"2119",2013,177,2013-03-26,1,1
"2120",2013,178,2013-03-27,1,1
"2121",2013,179,2013-03-28,1,1
"2122",2013,180,2013-03-29,1,1
"2123",2013,181,2013-03-30,1,1
"2124",2013,182,2013-03-31,1,1
"2125",2013,183,2013-04-01,1,1
"2126",2013,184,2013-04-02,1,1
"2127",2013,185,2013-04-03,1,1
"2128",2013,186,2013-04-04,1,1
"2129",2013,187,2013-04-05,1,1
"2130",2013,188,2013-04-06,1,1
"2131",2013,189,2013-04-07,1,1
"2132",2013,190,2013-04-08,1,1
"2133",2013,191,2013-04-09,1,1
"2134",2013,192,2013-04-10,1,1
"2135",2013,193,2013-04-11,1,1
"2136",2013,194,2013-04-12,1,1
"2137",2013,195,2013-04-13,1,1
"2138",2013,196,2013-04-14,1,1
"2139",2013,197,2013-04-15,1,1
"2140",2013,198,2013-04-16,1,1
"2141",2013,199,2013-04-17,1,1
"2142",2013,200,2013-04-18,1,1
"2143",2013,201,2013-04-19,1,1
"2144",2013,202,2013-04-20,1,1
"2145",2013,203,2013-04-21,1,1
"2146",2013,204,2013-04-22,1,1
"2147",2013,205,2013-04-23,1,1
"2148",2013,206,2013-04-24,1,1
"2149",2013,207,2013-04-25,0.914,1
"2150",2013,208,2013-04-26,0.91,1
"2151",2013,209,2013-04-27,0.858,1
"2152",2013,210,2013-04-28,0.85,1
"2153",2013,211,2013-04-29,0.82,1
"2154",2013,212,2013-04-30,0.988,1
"2155",2013,213,2013-05-01,0.992,1
"2156",2013,214,2013-05-02,0.994,1
"2157",2013,215,2013-05-03,1,1
"2158",2013,216,2013-05-04,1,1
"2159",2013,217,2013-05-05,1,1
"2160",2013,218,2013-05-06,1,1
"2161",2013,219,2013-05-07,0.998,1
"2162",2013,220,2013-05-08,0.994,1
"2163",2013,221,2013-05-09,0.992,1
"2164",2013,222,2013-05-10,1,1
"2165",2013,223,2013-05-11,1,1
"2166",2013,224,2013-05-12,1,1
"2167",2013,225,2013-05-13,1,1
"2168",2013,226,2013-05-14,0.998,1
"2169",2013,227,2013-05-15,0.976,1
"2170",2013,228,2013-05-16,0.966,1
"2171",2013,229,2013-05-17,0.966,1
"2172",2013,230,2013-05-18,0.974,1
"2173",2013,231,2013-05-19,0.966,1
"2174",2013,232,2013-05-20,0.978,1
"2175",2013,233,2013-05-21,0.972,1
"2176",2013,234,2013-05-22,0.964,1
"2177",2013,235,2013-05-23,0.95,1
"2178",2013,236,2013-05-24,0.926,1
"2179",2013,237,2013-05-25,0.92,1
"2180",2013,238,2013-05-26,0.874,1
"2181",2013,239,2013-05-27,0.878,1
"2182",2013,240,2013-05-28,0.874,1
"2183",2013,241,2013-05-29,0.872,1
"2184",2013,242,2013-05-30,0.83,1
"2185",2013,243,2013-05-31,0.758,1
"2186",2013,244,2013-06-01,0.74,1
"2187",2013,245,2013-06-02,0.726,1
"2188",2013,246,2013-06-03,0.714,1
"2189",2013,247,2013-06-04,0.7,1
"2190",2013,248,2013-06-05,0.726,1
"2191",2013,249,2013-06-06,0.732,1
"2192",2013,250,2013-06-07,0.658,1
"2193",2013,251,2013-06-08,0.51,1
"2194",2013,252,2013-06-09,0.376,0
"2195",2013,253,2013-06-10,0.204,0
"2196",2013,254,2013-06-11,0.126,0
"2197",2013,255,2013-06-12,0.078,0
"2198",2013,256,2013-06-13,0.034,0
"2199",2013,257,2013-06-14,0.014,0
"2200",2013,258,2013-06-15,0.014,0
"2201",2013,259,2013-06-16,0.01,0
"2202",2013,260,2013-06-17,0.008,0
"2203",2013,261,2013-06-18,0.002,0
"2204",2013,262,2013-06-19,0,0
"2205",2013,263,2013-06-20,0.008,0
"2206",2013,264,2013-06-21,0.016,0
"2207",2013,265,2013-06-22,0.01,0
"2208",2013,266,2013-06-23,0.008,0
"2209",2013,267,2013-06-24,0.014,0
"2210",2013,268,2013-06-25,0.018,0
"2211",2013,269,2013-06-26,0.014,0
"2212",2013,270,2013-06-27,0.004,0
"2213",2013,271,2013-06-28,0.01,0
"2214",2013,272,2013-06-29,0.002,0
"2215",2013,273,2013-06-30,0.002,0
"2216",2013,274,2013-07-01,0.002,0
"2217",2013,275,2013-07-02,0.002,0
"2218",2013,276,2013-07-03,0,0
"2219",2013,277,2013-07-04,0,0
"2220",2013,278,2013-07-05,0.002,0
"2221",2013,279,2013-07-06,0.002,0
"2222",2013,280,2013-07-07,0.006,0
"2223",2013,281,2013-07-08,0,0
"2224",2013,282,2013-07-09,0,0
"2225",2013,283,2013-07-10,0,0
"2226",2013,284,2013-07-11,0.002,0
"2227",2013,285,2013-07-12,0.002,0
"2228",2013,286,2013-07-13,0,0
"2229",2013,287,2013-07-14,0,0
"2230",2013,288,2013-07-15,0,0
