"","Date","waterYear","Temperature_C","cond_uScm","wy_doy","ice_or_no","ice_presence","Flow","cumulative_dis"
"1",2013-09-14,2013,6.8,18.33,349,0,"no ice",25.8,2101.99
"2",2013-09-15,2013,6.6,18.59,350,0,"no ice",27.4,2129.39
"3",2013-09-16,2013,6.5,18.65,351,0,"no ice",17.7,2147.09
"4",2013-09-17,2013,7.3,19.15,352,0,"no ice",15.1,2162.19
"5",2013-09-18,2013,7.4,19.2,353,0,"no ice",15.7,2177.89
"6",2013-09-19,2013,6.6,19.27,354,0,"no ice",12.7,2190.59
"7",2013-09-20,2013,6.4,19.68,355,0,"no ice",9.97,2200.56
"8",2013-09-21,2013,6.5,20.15,356,0,"no ice",9.59,2210.15
"9",2013-09-22,2013,6.5,20.2,357,0,"no ice",11.6,2221.75
"10",2013-09-23,2013,4,19.99,358,0,"no ice",9.84,2231.59
"11",2013-09-24,2013,3,20.18,359,0,"no ice",8.82,2240.41
"12",2013-09-25,2013,4.2,20.31,360,0,"no ice",7.79,2248.2
"13",2013-09-26,2013,5.4,20.49,361,0,"no ice",7.46,2255.66
"14",2013-09-27,2013,4.6,20.45,362,0,"no ice",6.36,2262.02
"15",2013-09-28,2013,1.5,20.45,363,0,"no ice",6.13,2268.15
"16",2013-09-29,2013,1.7,20.48,364,0,"no ice",5.66,2273.81
"17",2013-09-30,2013,2.4,20.62,365,0,"no ice",5.19,2279
"188",2013-10-01,2014,3.1,20.63,1,0,"no ice",4.79,4.79
"189",2013-10-02,2014,3.3,20.68,2,0,"no ice",4.38,9.17
"190",2013-10-03,2014,3.1,20.74,3,0,"no ice",4.38,13.55
"191",2013-10-04,2014,1.2,20.79,4,0,"no ice",3.65,17.2
"192",2013-10-05,2014,0,20.84,5,0,"no ice",3.54,20.74
"193",2013-10-06,2014,0.7,20.9,6,0,"no ice",3.34,24.08
"194",2013-10-07,2014,1.7,20.95,7,0,"no ice",3.13,27.21
"195",2013-10-08,2014,2.3,21.04,8,0,"no ice",2.96,30.17
"196",2013-10-09,2014,3.2,21.1,9,0,"no ice",2.88,33.05
"197",2013-10-10,2014,3.4,21.02,10,0,"no ice",2.37,35.42
"198",2013-10-11,2014,0.2,20.78,11,0,"no ice",2.46,37.88
"199",2013-10-12,2014,0.5,20.88,12,0,"no ice",2.45,40.33
"200",2013-10-13,2014,1.7,21.08,13,0,"no ice",2.56,42.89
"201",2013-10-14,2014,2.1,20.91,14,0,"no ice",2.5,45.39
"202",2013-10-15,2014,2.1,21.25,15,0,"no ice",2.38,47.77
"203",2013-10-16,2014,2,21.63,16,0,"no ice",2.26,50.03
"204",2013-10-17,2014,2.3,22.06,17,0,"no ice",2.23,52.26
"205",2013-10-18,2014,2.5,22.13,18,0,"no ice",2.08,54.34
"206",2013-10-19,2014,2.5,21.93,19,0,"no ice",2.06,56.4
"207",2013-10-20,2014,2.9,22.06,20,0,"no ice",2.04,58.44
"208",2013-10-21,2014,2.7,22.65,21,0,"no ice",1.96,60.4
"209",2013-10-22,2014,2.9,22.51,22,1,"ice",1.98,62.38
"210",2013-10-23,2014,3.5,22.45,23,1,"ice",2.04,64.42
"211",2013-10-24,2014,3.8,22.36,24,1,"ice",2.15,66.57
"212",2013-10-25,2014,3.9,22.24,25,1,"ice",2.23,68.8
"213",2013-10-26,2014,3.9,21.95,26,1,"ice",2.21,71.01
"214",2013-10-27,2014,3.5,21.96,27,1,"ice",2.2,73.21
"215",2013-10-28,2014,3.7,21.97,28,1,"ice",2.12,75.33
"216",2013-10-29,2014,3.4,21.98,29,1,"ice",2.12,77.45
"217",2013-10-30,2014,2.7,21.99,30,1,"ice",1.91,79.36
"218",2013-10-31,2014,1.6,22.01,31,1,"ice",1.85,81.21
"219",2013-11-01,2014,1.4,22.02,32,1,"ice",1.68,82.89
"220",2013-11-02,2014,1.3,22.03,33,1,"ice",1.59,84.48
"221",2013-11-03,2014,1.4,22.04,34,1,"ice",1.6,86.08
"222",2013-11-04,2014,1.4,22.05,35,1,"ice",1.54,87.62
"223",2013-11-05,2014,1.3,22.06,36,1,"ice",1.39,89.01
"224",2013-11-06,2014,0.9,22.07,37,1,"ice",1.33,90.34
"225",2013-11-07,2014,1.6,22.08,38,1,"ice",1.31,91.65
"226",2013-11-08,2014,2.1,22.09,39,1,"ice",1.3,92.95
"227",2013-11-09,2014,2.5,22.1,40,1,"ice",1.33,94.28
"228",2013-11-10,2014,2.9,22.11,41,1,"ice",1.32,95.6
"229",2013-11-11,2014,2.8,22.13,42,1,"ice",1.29,96.89
"230",2013-11-12,2014,3,22.14,43,1,"ice",1.22,98.11
"231",2013-11-13,2014,2.6,22.15,44,1,"ice",1.14,99.25
"232",2013-11-14,2014,2.6,22.16,45,1,"ice",1.2,100.45
"233",2013-11-15,2014,2.5,22.17,46,1,"ice",1.14,101.59
"234",2013-11-16,2014,1.2,22.18,47,1,"ice",1.07,102.66
"235",2013-11-17,2014,0.9,22.19,48,1,"ice",1,103.66
"236",2013-11-18,2014,1.5,22.2,49,1,"ice",1.01,104.67
"237",2013-11-19,2014,1.8,22.21,50,1,"ice",1.03,105.7
"238",2013-11-20,2014,2,22.22,51,1,"ice",1.05,106.75
"239",2013-11-21,2014,1.8,22.23,52,1,"ice",1.06,107.81
"240",2013-11-22,2014,1.6,22.25,53,1,"ice",1.08,108.89
"241",2013-11-23,2014,1.6,22.26,54,1,"ice",1.09,109.98
"242",2013-11-24,2014,1.6,22.27,55,1,"ice",1.11,111.09
"243",2013-11-25,2014,1.5,22.28,56,1,"ice",1.08,112.17
"244",2013-11-26,2014,1,22.29,57,1,"ice",1.04,113.21
"245",2013-11-27,2014,0.7,22.3,58,1,"ice",1.01,114.22
"246",2013-11-28,2014,1.1,22.31,59,1,"ice",0.98,115.2
"247",2013-11-29,2014,0.6,22.32,60,1,"ice",0.95,116.15
"248",2013-11-30,2014,0.7,22.33,61,1,"ice",0.91,117.06
"249",2013-12-01,2014,0.7,22.34,62,1,"ice",0.88,117.94
"250",2013-12-02,2014,0.6,22.35,63,1,"ice",0.85,118.79
"251",2013-12-03,2014,0.6,22.36,64,1,"ice",0.82,119.61
"252",2013-12-04,2014,0.6,22.38,65,1,"ice",0.78,120.39
"253",2013-12-05,2014,0.5,22.39,66,1,"ice",0.75,121.14
"254",2013-12-06,2014,0.5,22.4,67,1,"ice",0.72,121.86
"255",2013-12-07,2014,0.5,22.41,68,1,"ice",0.69,122.55
"256",2013-12-08,2014,0.5,22.42,69,1,"ice",0.66,123.21
"257",2013-12-09,2014,0.4,22.43,70,1,"ice",0.65,123.86
"258",2013-12-10,2014,0.5,22.44,71,1,"ice",0.64,124.5
"259",2013-12-11,2014,0.5,22.45,72,1,"ice",0.64,125.14
"260",2013-12-12,2014,0.6,22.46,73,1,"ice",0.63,125.77
"261",2013-12-13,2014,0.6,22.47,74,1,"ice",0.63,126.4
"262",2013-12-14,2014,0.5,22.48,75,1,"ice",0.62,127.02
"263",2013-12-15,2014,0.7,22.5,76,1,"ice",0.62,127.64
"18",2014-09-14,2014,7,15.43,349,0,"no ice",7.26,2266.74
"19",2014-09-15,2014,7.5,15.58,350,0,"no ice",6.7,2273.44
"20",2014-09-16,2014,8.4,15.66,351,0,"no ice",6.33,2279.77
"21",2014-09-17,2014,9.1,15.77,352,0,"no ice",6.01,2285.78
"22",2014-09-18,2014,9.7,15.78,353,0,"no ice",5.68,2291.46
"23",2014-09-19,2014,10.3,15.8,354,0,"no ice",5.56,2297.02
"24",2014-09-20,2014,10.9,15.78,355,0,"no ice",5.55,2302.57
"25",2014-09-21,2014,11,15.78,356,0,"no ice",6.02,2308.59
"26",2014-09-22,2014,9.6,15.48,357,0,"no ice",7.56,2316.15
"27",2014-09-23,2014,8,15.35,358,0,"no ice",8.39,2324.54
"28",2014-09-24,2014,8.3,15.77,359,0,"no ice",8.06,2332.6
"29",2014-09-25,2014,9.6,15.97,360,0,"no ice",7.37,2339.97
"30",2014-09-26,2014,10.2,16.24,361,0,"no ice",6.83,2346.8
"31",2014-09-27,2014,10.5,16.48,362,0,"no ice",6.57,2353.37
"32",2014-09-28,2014,9.4,16.55,363,0,"no ice",7.44,2360.81
"33",2014-09-29,2014,7.7,16.46,364,0,"no ice",9.1,2369.91
"34",2014-09-30,2014,4,16.42,365,0,"no ice",8.98,2378.89
"264",2014-10-01,2015,2.7,16.73,1,0,"no ice",8.18,8.18
"265",2014-10-02,2015,1.6,17.01,2,0,"no ice",6.8,14.98
"266",2014-10-03,2015,1.3,17.27,3,0,"no ice",5.91,20.89
"267",2014-10-04,2015,1.3,17.5,4,0,"no ice",5.64,26.53
"268",2014-10-05,2015,2.2,17.58,5,0,"no ice",5.21,31.74
"269",2014-10-06,2015,3.1,17.6,6,0,"no ice",4.82,36.56
"270",2014-10-07,2015,3.7,17.69,7,0,"no ice",4.69,41.25
"271",2014-10-08,2015,4.8,17.69,8,0,"no ice",4.68,45.93
"272",2014-10-09,2015,4.7,17.66,9,0,"no ice",4.99,50.92
"273",2014-10-10,2015,4.2,17.66,10,0,"no ice",5.21,56.13
"274",2014-10-11,2015,4.5,17.63,11,0,"no ice",4.93,61.06
"275",2014-10-12,2015,3.3,17.69,12,0,"no ice",4.44,65.5
"276",2014-10-13,2015,2,17.85,13,0,"no ice",3.87,69.37
"277",2014-10-14,2015,1.5,18.08,14,0,"no ice",3.7,73.07
"278",2014-10-15,2015,2.2,18.22,15,0,"no ice",3.32,76.39
"279",2014-10-16,2015,2.4,17.74,16,0,"no ice",3.31,79.7
"280",2014-10-17,2015,3,17.84,17,0,"no ice",3.21,82.91
"281",2014-10-18,2015,3.3,17.99,18,0,"no ice",3.02,85.93
"282",2014-10-19,2015,3.9,18.13,19,0,"no ice",2.83,88.76
"283",2014-10-20,2015,4,18.28,20,0,"no ice",2.72,91.48
"284",2014-10-21,2015,4.1,18.42,21,0,"no ice",2.54,94.02
"285",2014-10-22,2015,3.3,18.57,22,0,"no ice",2.17,96.19
"286",2014-10-23,2015,2.7,18.71,23,0,"no ice",2.05,98.24
"287",2014-10-24,2015,2.7,18.86,24,0,"no ice",1.99,100.23
"288",2014-10-25,2015,2.7,19.01,25,0,"no ice",1.85,102.08
"289",2014-10-26,2015,2.8,19.15,26,0,"no ice",1.85,103.93
"290",2014-10-27,2015,0.6,19.3,27,0,"no ice",1.71,105.64
"291",2014-10-28,2015,0,19.44,28,0,"no ice",1.71,107.35
"292",2014-10-29,2015,0,19.59,29,0,"no ice",1.66,109.01
"293",2014-10-30,2015,0.3,19.73,30,0,"no ice",1.61,110.62
"294",2014-10-31,2015,1.1,19.88,31,0,"no ice",1.57,112.19
"295",2014-11-01,2015,1.6,20.02,32,0,"no ice",1.52,113.71
"296",2014-11-02,2015,1.1,20.17,33,0,"no ice",1.47,115.18
"297",2014-11-03,2015,0.2,20.31,34,0,"no ice",1.43,116.61
"298",2014-11-04,2015,0,20.46,35,0,"no ice",1.38,117.99
"299",2014-11-05,2015,-0.1,20.61,36,0,"no ice",1.34,119.33
"300",2014-11-06,2015,0.5,20.75,37,0,"no ice",1.29,120.62
"301",2014-11-07,2015,0.3,20.9,38,0,"no ice",1.24,121.86
"302",2014-11-08,2015,0,21.04,39,0,"no ice",1.16,123.02
"303",2014-11-09,2015,0.3,21.19,40,0,"no ice",1.19,124.21
"304",2014-11-10,2015,0,21.33,41,0,"no ice",1.16,125.37
"305",2014-11-11,2015,0,21.48,42,0,"no ice",1.12,126.49
"306",2014-11-12,2015,0,21.62,43,0,"no ice",1.09,127.58
"307",2014-11-13,2015,0,21.77,44,0,"no ice",1.06,128.64
"308",2014-11-14,2015,0,21.91,45,0,"no ice",1.05,129.69
"309",2014-11-15,2015,0,22.06,46,0,"no ice",0.98,130.67
"310",2014-11-16,2015,0,22.21,47,0,"no ice",0.89,131.56
"311",2014-11-17,2015,0,22.35,48,0,"no ice",0.78,132.34
"312",2014-11-18,2015,0,22.5,49,1,"ice",0.77,133.11
"313",2014-11-19,2015,0,22.64,50,1,"ice",0.7,133.81
"314",2014-11-20,2015,0,22.79,51,1,"ice",0.65,134.46
"315",2014-11-21,2015,0,22.93,52,1,"ice",0.57,135.03
"316",2014-11-22,2015,0,23.08,53,1,"ice",0.55,135.58
"317",2014-11-23,2015,-0.1,23.22,54,1,"ice",0.53,136.11
"318",2014-11-24,2015,-0.1,23.37,55,1,"ice",0.51,136.62
"319",2014-11-25,2015,-0.1,23.51,56,1,"ice",0.5,137.12
"320",2014-11-26,2015,-0.1,23.66,57,1,"ice",0.48,137.6
"321",2014-11-27,2015,-0.1,23.81,58,1,"ice",0.46,138.06
"322",2014-11-28,2015,-0.1,23.95,59,1,"ice",0.44,138.5
"323",2014-11-29,2015,-0.1,24.1,60,1,"ice",0.42,138.92
"324",2014-11-30,2015,-0.1,24.24,61,1,"ice",0.4,139.32
"325",2014-12-01,2015,-0.1,NA,62,1,"ice",0.4,139.72
"326",2014-12-02,2015,-0.1,NA,63,1,"ice",0.4,140.12
"327",2014-12-03,2015,-0.1,24.67,64,1,"ice",0.4,140.52
"328",2014-12-04,2015,-0.1,24.71,65,1,"ice",0.4,140.92
"329",2014-12-05,2015,-0.1,24.72,66,1,"ice",0.4,141.32
"330",2014-12-06,2015,-0.1,24.73,67,1,"ice",0.39,141.71
"331",2014-12-07,2015,-0.1,24.74,68,1,"ice",0.39,142.1
"332",2014-12-08,2015,0,24.74,69,1,"ice",0.39,142.49
"333",2014-12-09,2015,0,24.75,70,1,"ice",0.39,142.88
"334",2014-12-10,2015,0,24.76,71,1,"ice",0.39,143.27
"335",2014-12-11,2015,0,24.77,72,1,"ice",0.39,143.66
"336",2014-12-12,2015,0,24.78,73,1,"ice",0.39,144.05
"337",2014-12-13,2015,0,24.79,74,1,"ice",0.39,144.44
"338",2014-12-14,2015,0,24.8,75,1,"ice",0.39,144.83
"339",2014-12-15,2015,0,24.81,76,1,"ice",0.39,145.22
"35",2015-09-14,2015,10.3,12.52,349,0,"no ice",2.75,2228.45
"36",2015-09-15,2015,8.7,12.39,350,0,"no ice",2.71,2231.16
"37",2015-09-16,2015,8.6,12.38,351,0,"no ice",2.67,2233.83
"38",2015-09-17,2015,8.2,12.49,352,0,"no ice",2.62,2236.45
"39",2015-09-18,2015,8.5,12.57,353,0,"no ice",2.58,2239.03
"40",2015-09-19,2015,8.3,12.74,354,0,"no ice",2.54,2241.57
"41",2015-09-20,2015,7.6,12.95,355,0,"no ice",2.5,2244.07
"42",2015-09-21,2015,7.9,13.15,356,0,"no ice",2.46,2246.53
"43",2015-09-22,2015,8.5,13.26,357,0,"no ice",2.43,2248.96
"44",2015-09-23,2015,9.1,13.44,358,0,"no ice",2.39,2251.35
"45",2015-09-24,2015,9.6,13.61,359,0,"no ice",2.39,2253.74
"46",2015-09-25,2015,10.2,13.68,360,0,"no ice",2.43,2256.17
"47",2015-09-26,2015,11,13.83,361,0,"no ice",2.48,2258.65
"48",2015-09-27,2015,11.7,13.96,362,0,"no ice",2.32,2260.97
"49",2015-09-28,2015,10.8,14.04,363,0,"no ice",2.32,2263.29
"50",2015-09-29,2015,10.6,14.1,364,0,"no ice",2.12,2265.41
"51",2015-09-30,2015,9.5,14.18,365,0,"no ice",NA,NA
"340",2015-10-01,2016,9.1,14.22,1,0,"no ice",1.87,1.87
"341",2015-10-02,2016,9.1,14.25,2,0,"no ice",1.86,3.73
"342",2015-10-03,2016,8.4,14.35,3,0,"no ice",1.86,5.59
"343",2015-10-04,2016,8.8,14.37,4,0,"no ice",1.91,7.5
"344",2015-10-05,2016,8.4,14.58,5,0,"no ice",1.84,9.34
"345",2015-10-06,2016,7.6,14.49,6,0,"no ice",1.8,11.14
"346",2015-10-07,2016,7.4,14.38,7,0,"no ice",1.82,12.96
"347",2015-10-08,2016,7.3,14.6,8,0,"no ice",1.8,14.76
"348",2015-10-09,2016,7.6,14.61,9,0,"no ice",1.74,16.5
"349",2015-10-10,2016,6.8,14.86,10,0,"no ice",1.56,18.06
"350",2015-10-11,2016,6.5,14.95,11,0,"no ice",1.39,19.45
"351",2015-10-12,2016,4.9,15.05,12,0,"no ice",1.24,20.69
"352",2015-10-13,2016,4.5,15.14,13,0,"no ice",1.28,21.97
"353",2015-10-14,2016,4.5,15.24,14,0,"no ice",1.34,23.31
"354",2015-10-15,2016,4.7,15.33,15,0,"no ice",1.42,24.73
"355",2015-10-16,2016,5.4,15.42,16,0,"no ice",1.5,26.23
"356",2015-10-17,2016,5.7,15.52,17,0,"no ice",1.58,27.81
"357",2015-10-18,2016,5.9,15.61,18,0,"no ice",1.62,29.43
"358",2015-10-19,2016,5.4,15.71,19,0,"no ice",1.61,31.04
"359",2015-10-20,2016,4.6,15.8,20,0,"no ice",1.52,32.56
"360",2015-10-21,2016,3.5,15.9,21,0,"no ice",1.52,34.08
"361",2015-10-22,2016,2.4,15.99,22,0,"no ice",1.52,35.6
"362",2015-10-23,2016,2.2,16.08,23,0,"no ice",1.46,37.06
"363",2015-10-24,2016,1.8,16.18,24,0,"no ice",1.33,38.39
"364",2015-10-25,2016,1.9,16.27,25,0,"no ice",1.29,39.68
"365",2015-10-26,2016,2,16.37,26,0,"no ice",1.32,41
"366",2015-10-27,2016,0.8,16.46,27,0,"no ice",1.29,42.29
"367",2015-10-28,2016,0,16.55,28,0,"no ice",1.14,43.43
"368",2015-10-29,2016,0.2,16.65,29,0,"no ice",1.09,44.52
"369",2015-10-30,2016,0.2,16.74,30,0,"no ice",1.16,45.68
"370",2015-10-31,2016,0.4,16.84,31,0,"no ice",1.14,46.82
"371",2015-11-01,2016,0.8,16.93,32,0,"no ice",1.12,47.94
"372",2015-11-02,2016,1.2,17.02,33,0,"no ice",1.12,49.06
"373",2015-11-03,2016,2.1,17.18,34,0,"no ice",1.16,50.22
"374",2015-11-04,2016,2.5,17.21,35,0,"no ice",1.19,51.41
"375",2015-11-05,2016,1.6,17.18,36,0,"no ice",1.24,52.65
"376",2015-11-06,2016,1.8,17.25,37,0,"no ice",1.14,53.79
"377",2015-11-07,2016,1.8,17.9,38,0,"no ice",1.1,54.89
"378",2015-11-08,2016,2.6,18.32,39,0,"no ice",1.11,56
"379",2015-11-09,2016,2.3,18.51,40,0,"no ice",1.04,57.04
"380",2015-11-10,2016,2.7,18.75,41,0,"no ice",1.02,58.06
"381",2015-11-11,2016,1.2,18.81,42,0,"no ice",0.99,59.05
"382",2015-11-12,2016,1.4,19.16,43,0,"no ice",0.86,59.91
"383",2015-11-13,2016,2,19.72,44,0,"no ice",0.85,60.76
"384",2015-11-14,2016,2.4,19.82,45,0,"no ice",0.85,61.61
"385",2015-11-15,2016,2.1,19.94,46,1,"ice",0.78,62.39
"386",2015-11-16,2016,2.5,20.14,47,1,"ice",0.81,63.2
"387",2015-11-17,2016,1.7,20.39,48,1,"ice",0.77,63.97
"388",2015-11-18,2016,0.6,20.9,49,1,"ice",0.7,64.67
"389",2015-11-19,2016,1.1,21.57,50,1,"ice",0.67,65.34
"390",2015-11-20,2016,1.2,21.75,51,1,"ice",0.63,65.97
"391",2015-11-21,2016,0.6,21.46,52,1,"ice",0.53,66.5
"392",2015-11-22,2016,1.1,21.46,53,1,"ice",0.46,66.96
"393",2015-11-23,2016,1.4,21.71,54,1,"ice",0.45,67.41
"394",2015-11-24,2016,1.5,21.73,55,1,"ice",0.44,67.85
"395",2015-11-25,2016,1.7,21.73,56,1,"ice",0.47,68.32
"396",2015-11-26,2016,1.7,21.74,57,1,"ice",0.52,68.84
"397",2015-11-27,2016,1.3,22.84,58,1,"ice",0.52,69.36
"398",2015-11-28,2016,0.9,23.49,59,1,"ice",0.43,69.79
"399",2015-11-29,2016,0.8,23.57,60,1,"ice",0.3,70.09
"400",2015-11-30,2016,0.3,22.96,61,1,"ice",0.24,70.33
"401",2015-12-01,2016,0.6,21.99,62,1,"ice",0.25,70.58
"402",2015-12-02,2016,1.1,21.91,63,1,"ice",0.27,70.85
"403",2015-12-03,2016,1.2,22.26,64,1,"ice",0.26,71.11
"404",2015-12-04,2016,1.3,22.33,65,1,"ice",0.26,71.37
"405",2015-12-05,2016,1.3,22.46,66,1,"ice",0.24,71.61
"406",2015-12-06,2016,1.2,22.87,67,1,"ice",0.24,71.85
"407",2015-12-07,2016,1.3,22.82,68,1,"ice",0.25,72.1
"408",2015-12-08,2016,1.2,22.77,69,1,"ice",0.25,72.35
"409",2015-12-09,2016,1.3,23.02,70,1,"ice",0.25,72.6
"410",2015-12-10,2016,1.5,22.96,71,1,"ice",0.25,72.85
"411",2015-12-11,2016,1.3,23.47,72,1,"ice",0.26,73.11
"412",2015-12-12,2016,1,24.79,73,1,"ice",0.24,73.35
"413",2015-12-13,2016,0.7,24.89,74,1,"ice",0.23,73.58
"414",2015-12-14,2016,0.6,24.56,75,1,"ice",0.22,73.8
"415",2015-12-15,2016,0.6,23.96,76,1,"ice",0.21,74.01
"52",2016-09-13,2016,9.5,13.99,349,0,"no ice",2.42,1774.21
"53",2016-09-14,2016,9.8,14.27,350,0,"no ice",2.42,1776.63
"54",2016-09-15,2016,7.8,14.6,351,0,"no ice",2.32,1778.95
"55",2016-09-16,2016,7.2,14.53,352,0,"no ice",2.23,1781.18
"56",2016-09-17,2016,7.6,14.67,353,0,"no ice",1.99,1783.17
"57",2016-09-18,2016,6.8,14.76,354,0,"no ice",1.36,1784.53
"58",2016-09-19,2016,8.1,14.43,355,0,"no ice",1.5,1786.03
"59",2016-09-20,2016,8.6,14.51,356,0,"no ice",1.63,1787.66
"60",2016-09-21,2016,8.4,NA,357,0,"no ice",1.66,1789.32
"61",2016-09-22,2016,8.7,15.21,358,0,"no ice",1.66,1790.98
"62",2016-09-23,2016,8.7,15.37,359,0,"no ice",1.55,1792.53
"63",2016-09-24,2016,4.9,15.42,360,0,"no ice",1.37,1793.9
"64",2016-09-25,2016,5.1,15.21,361,0,"no ice",1.4,1795.3
"65",2016-09-26,2016,6.4,15.14,362,0,"no ice",1.49,1796.79
"66",2016-09-27,2016,7.6,15.12,363,0,"no ice",1.54,1798.33
"67",2016-09-28,2016,8.6,15.17,364,0,"no ice",1.56,1799.89
"68",2016-09-29,2016,8.7,NA,365,0,"no ice",1.51,1801.4
"416",2016-10-01,2017,8.5,15.4,1,0,"no ice",1.65,1.65
"417",2016-10-02,2017,8.4,15.35,2,0,"no ice",1.57,3.22
"418",2016-10-03,2017,6.3,15.44,3,0,"no ice",1.45,4.67
"419",2016-10-04,2017,1.8,15.55,4,0,"no ice",0.9,5.57
"420",2016-10-05,2017,0.5,15.82,5,0,"no ice",0.88,6.45
"421",2016-10-06,2017,0.7,15.8,6,0,"no ice",1.03,7.48
"422",2016-10-07,2017,1.4,15.91,7,0,"no ice",1.12,8.6
"423",2016-10-08,2017,2.7,16.08,8,0,"no ice",1.18,9.78
"424",2016-10-09,2017,4.1,15.94,9,0,"no ice",1.26,11.04
"425",2016-10-10,2017,3.9,16.08,10,0,"no ice",1.32,12.36
"426",2016-10-11,2017,3,15.87,11,0,"no ice",1.43,13.79
"427",2016-10-12,2017,2.1,15.73,12,0,"no ice",1.51,15.3
"428",2016-10-13,2017,2.6,15.89,13,0,"no ice",1.44,16.74
"429",2016-10-14,2017,2.9,16.12,14,0,"no ice",1.25,17.99
"430",2016-10-15,2017,3,16.31,15,0,"no ice",1.35,19.34
"431",2016-10-16,2017,3.3,16.46,16,0,"no ice",1.34,20.68
"432",2016-10-17,2017,2.6,16.65,17,0,"no ice",1.28,21.96
"433",2016-10-18,2017,1.4,16.79,18,0,"no ice",1.15,23.11
"434",2016-10-19,2017,0.8,16.8,19,0,"no ice",1.15,24.26
"435",2016-10-20,2017,0.3,17.43,20,0,"no ice",0.98,25.24
"436",2016-10-21,2017,0.5,17.64,21,0,"no ice",1,26.24
"437",2016-10-22,2017,0.9,17.63,22,0,"no ice",0.98,27.22
"438",2016-10-23,2017,1.2,17.58,23,0,"no ice",0.98,28.2
"439",2016-10-24,2017,1.9,17.46,24,0,"no ice",0.99,29.19
"440",2016-10-25,2017,2.2,17.41,25,0,"no ice",1.01,30.2
"441",2016-10-26,2017,2,17.5,26,0,"no ice",0.97,31.17
"442",2016-10-27,2017,2.3,17.58,27,0,"no ice",0.96,32.13
"443",2016-10-28,2017,2.9,17.58,28,0,"no ice",0.91,33.04
"444",2016-10-29,2017,3.2,17.48,29,0,"no ice",0.91,33.95
"445",2016-10-30,2017,3.1,17.49,30,0,"no ice",0.91,34.86
"446",2016-10-31,2017,2.5,17.6,31,0,"no ice",0.85,35.71
"447",2016-11-01,2017,1.9,17.69,32,0,"no ice",0.82,36.53
"448",2016-11-02,2017,2.1,17.65,33,0,"no ice",0.83,37.36
"449",2016-11-03,2017,1.9,18.03,34,0,"no ice",0.8,38.16
"450",2016-11-04,2017,2,18.35,35,0,"no ice",0.78,38.94
"451",2016-11-05,2017,2.7,18.44,36,0,"no ice",0.81,39.75
"452",2016-11-06,2017,2,18.39,37,0,"no ice",0.79,40.54
"453",2016-11-07,2017,1,18.44,38,0,"no ice",0.71,41.25
"454",2016-11-08,2017,1,18.82,39,0,"no ice",0.64,41.89
"455",2016-11-09,2017,1.4,19.24,40,0,"no ice",0.62,42.51
"456",2016-11-10,2017,1.8,19.27,41,0,"no ice",0.59,43.1
"457",2016-11-11,2017,1.6,19.55,42,0,"no ice",0.54,43.64
"458",2016-11-12,2017,1.8,19.53,43,0,"no ice",0.54,44.18
"459",2016-11-13,2017,0.8,19.33,44,0,"no ice",0.51,44.69
"460",2016-11-14,2017,0.1,19.59,45,0,"no ice",0.4,45.09
"461",2016-11-15,2017,0.1,19.72,46,0,"no ice",0.4,45.49
"462",2016-11-16,2017,0.1,19.88,47,0,"no ice",0.42,45.91
"463",2016-11-17,2017,-0.1,20.21,48,0,"no ice",0.44,46.35
"464",2016-11-18,2017,-0.1,20.14,49,0,"no ice",0.45,46.8
"465",2016-11-19,2017,0,20.3,50,0,"no ice",0.37,47.17
"466",2016-11-20,2017,0.2,20.63,51,0,"no ice",0.4,47.57
"467",2016-11-21,2017,0.5,20.75,52,0,"no ice",0.41,47.98
"468",2016-11-22,2017,0.5,20.96,53,0,"no ice",0.43,48.41
"469",2016-11-23,2017,0.3,20.96,54,1,"ice",0.39,48.8
"470",2016-11-24,2017,0.3,20.91,55,1,"ice",0.37,49.17
"471",2016-11-25,2017,0.5,21.17,56,1,"ice",0.31,49.48
"472",2016-11-26,2017,0.7,21.53,57,1,"ice",0.29,49.77
"473",2016-11-27,2017,0.7,21.93,58,1,"ice",0.32,50.09
"474",2016-11-28,2017,0.4,22.5,59,1,"ice",0.32,50.41
"475",2016-11-29,2017,0.7,23.18,60,1,"ice",0.33,50.74
"476",2016-11-30,2017,0.4,23.98,61,1,"ice",0.32,51.06
"477",2016-12-01,2017,0.3,24.16,62,1,"ice",0.32,51.38
"478",2016-12-02,2017,0.3,24.23,63,1,"ice",0.34,51.72
"479",2016-12-03,2017,0.3,24.29,64,1,"ice",0.4,52.12
"480",2016-12-04,2017,0.3,24.36,65,1,"ice",0.42,52.54
"481",2016-12-05,2017,0.3,24.42,66,1,"ice",0.38,52.92
"482",2016-12-06,2017,0.3,24.49,67,1,"ice",0.39,53.31
"483",2016-12-07,2017,0.3,24.56,68,1,"ice",0.4,53.71
"484",2016-12-08,2017,0.3,24.62,69,1,"ice",0.39,54.1
"485",2016-12-09,2017,0.3,24.69,70,1,"ice",0.31,54.41
"486",2016-12-10,2017,0.3,24.75,71,1,"ice",0.37,54.78
"487",2016-12-11,2017,0.3,24.82,72,1,"ice",0.39,55.17
"488",2016-12-12,2017,0.2,24.89,73,1,"ice",0.41,55.58
"489",2016-12-13,2017,0.2,24.95,74,1,"ice",0.38,55.96
"490",2016-12-14,2017,0.2,25.02,75,1,"ice",0.38,56.34
"491",2016-12-15,2017,0.2,25.08,76,1,"ice",0.46,56.8
"69",2017-09-14,2017,10.4,13.38,349,0,"no ice",6.04,2404.19
"70",2017-09-15,2017,9.2,13.3,350,0,"no ice",5.4,2409.59
"71",2017-09-16,2017,7.9,13.39,351,0,"no ice",5.57,2415.16
"72",2017-09-17,2017,7.7,13.54,352,0,"no ice",5.25,2420.41
"73",2017-09-18,2017,8.2,13.84,353,0,"no ice",4.67,2425.08
"74",2017-09-19,2017,7.2,14.11,354,0,"no ice",3.88,2428.96
"75",2017-09-20,2017,7.5,14.36,355,0,"no ice",3.69,2432.65
"76",2017-09-21,2017,7.6,14.55,356,0,"no ice",3.42,2436.07
"77",2017-09-22,2017,8,14.76,357,0,"no ice",3.36,2439.43
"78",2017-09-23,2017,7.4,14.91,358,0,"no ice",3.42,2442.85
"79",2017-09-24,2017,5.8,15.01,359,0,"no ice",3.59,2446.44
"80",2017-09-25,2017,4.4,15.23,360,0,"no ice",3.6,2450.04
"81",2017-09-26,2017,5.6,15.35,361,0,"no ice",3.73,2453.77
"82",2017-09-27,2017,5.8,15.73,362,0,"no ice",3.68,2457.45
"83",2017-09-28,2017,5,16,363,0,"no ice",3.82,2461.27
"84",2017-09-29,2017,5.3,15.92,364,0,"no ice",4.12,2465.39
"85",2017-09-30,2017,4.9,16.46,365,0,"no ice",3.95,2469.34
"492",2017-10-01,2018,3.1,16.75,1,0,"no ice",4.6,4.6
"493",2017-10-02,2018,1.4,17.05,2,0,"no ice",5.32,9.92
"494",2017-10-03,2018,1.8,17.57,3,0,"no ice",5.17,15.09
"495",2017-10-04,2018,3.1,17.5,4,0,"no ice",5.37,20.46
"496",2017-10-05,2018,4.4,17.38,5,0,"no ice",6.7,27.16
"497",2017-10-06,2018,3.6,17.52,6,0,"no ice",7.15,34.31
"498",2017-10-07,2018,1.6,17.76,7,0,"no ice",5.49,39.8
"499",2017-10-08,2018,2,18.05,8,0,"no ice",5.25,45.05
"500",2017-10-09,2018,1.3,18.22,9,0,"no ice",5.55,50.6
"501",2017-10-10,2018,0.9,18.55,10,0,"no ice",4.95,55.55
"502",2017-10-11,2018,1.6,18.87,11,0,"no ice",4.58,60.13
"503",2017-10-12,2018,2.2,18.93,12,0,"no ice",4.17,64.3
"504",2017-10-13,2018,2.7,18.94,13,0,"no ice",3.99,68.29
"505",2017-10-14,2018,1.1,19.2,14,0,"no ice",3.28,71.57
"506",2017-10-15,2018,0.2,19.8,15,0,"no ice",2.86,74.43
"507",2017-10-16,2018,0.6,19.96,16,0,"no ice",3.01,77.44
"508",2017-10-17,2018,0.9,19.96,17,0,"no ice",2.84,80.28
"509",2017-10-18,2018,0.9,19.94,18,0,"no ice",2.63,82.91
"510",2017-10-19,2018,1.6,19.94,19,0,"no ice",2.53,85.44
"511",2017-10-20,2018,2.2,19.84,20,0,"no ice",2.45,87.89
"512",2017-10-21,2018,0.4,20.2,21,0,"no ice",1.97,89.86
"513",2017-10-22,2018,0.1,20.84,22,0,"no ice",1.95,91.81
"514",2017-10-23,2018,0.3,20.86,23,0,"no ice",1.9,93.71
"515",2017-10-24,2018,0.3,21.03,24,0,"no ice",1.85,95.56
"516",2017-10-25,2018,0.5,21.04,25,0,"no ice",1.88,97.44
"517",2017-10-26,2018,0,21.14,26,0,"no ice",1.7,99.14
"518",2017-10-27,2018,0.1,21.18,27,0,"no ice",1.73,100.87
"519",2017-10-28,2018,0.4,21.52,28,0,"no ice",1.66,102.53
"520",2017-10-29,2018,1,21.68,29,0,"no ice",1.65,104.18
"521",2017-10-30,2018,1.2,21.76,30,0,"no ice",1.64,105.82
"522",2017-10-31,2018,0.9,22.25,31,0,"no ice",1.65,107.47
"523",2017-11-01,2018,1.2,22.66,32,0,"no ice",1.55,109.02
"524",2017-11-02,2018,2.1,22.49,33,0,"no ice",1.57,110.59
"525",2017-11-03,2018,2.5,21.99,34,0,"no ice",1.58,112.17
"526",2017-11-04,2018,2.2,22.25,35,0,"no ice",1.57,113.74
"527",2017-11-05,2018,1.2,22.27,36,0,"no ice",1.74,115.48
"528",2017-11-06,2018,1.4,22.68,37,0,"no ice",1.76,117.24
"529",2017-11-07,2018,1.1,21.76,38,0,"no ice",1.86,119.1
"530",2017-11-08,2018,0.9,21.79,39,0,"no ice",1.75,120.85
"531",2017-11-09,2018,0.7,21.54,40,1,"ice",1.62,122.47
"532",2017-11-10,2018,0.9,21.46,41,1,"ice",1.59,124.06
"533",2017-11-11,2018,1,21.6,42,1,"ice",1.52,125.58
"534",2017-11-12,2018,1,21.74,43,1,"ice",1.41,126.99
"535",2017-11-13,2018,1.1,21.88,44,1,"ice",1.32,128.31
"536",2017-11-14,2018,1.1,22.02,45,1,"ice",1.3,129.61
"537",2017-11-15,2018,1.2,22.15,46,1,"ice",1.28,130.89
"538",2017-11-16,2018,1.2,22.29,47,1,"ice",1.24,132.13
"539",2017-11-17,2018,1.3,22.43,48,1,"ice",1.29,133.42
"540",2017-11-18,2018,1.3,22.57,49,1,"ice",1.25,134.67
"541",2017-11-19,2018,1.4,22.71,50,1,"ice",1.12,135.79
"542",2017-11-20,2018,1.5,22.84,51,1,"ice",1.09,136.88
"543",2017-11-21,2018,1.5,22.98,52,1,"ice",1.06,137.94
"544",2017-11-22,2018,1.6,23.12,53,1,"ice",0.99,138.93
"545",2017-11-23,2018,1.6,23.23,54,1,"ice",0.99,139.92
"546",2017-11-24,2018,1.5,23.37,55,1,"ice",0.98,140.9
"547",2017-11-25,2018,1.1,23.57,56,1,"ice",0.94,141.84
"548",2017-11-26,2018,1.5,23.58,57,1,"ice",0.91,142.75
"549",2017-11-27,2018,1.4,23.43,58,1,"ice",0.91,143.66
"550",2017-11-28,2018,1.4,23.77,59,1,"ice",0.91,144.57
"551",2017-11-29,2018,1,23.68,60,1,"ice",0.91,145.48
"552",2017-11-30,2018,0.8,23.8,61,1,"ice",0.89,146.37
"553",2017-12-01,2018,0.8,23.92,62,1,"ice",0.86,147.23
"554",2017-12-02,2018,0.7,24.5,63,1,"ice",0.87,148.1
"555",2017-12-03,2018,0.8,24.52,64,1,"ice",0.9,149
"556",2017-12-04,2018,0.5,24.5,65,1,"ice",0.94,149.94
"557",2017-12-05,2018,0.3,24.75,66,1,"ice",0.92,150.86
"558",2017-12-06,2018,0.6,25.53,67,1,"ice",0.89,151.75
"559",2017-12-07,2018,0.6,26.38,68,1,"ice",0.94,152.69
"560",2017-12-08,2018,0.7,26.64,69,1,"ice",0.9,153.59
"561",2017-12-09,2018,0.7,26.87,70,1,"ice",0.9,154.49
"562",2017-12-10,2018,0.6,27.12,71,1,"ice",0.87,155.36
"563",2017-12-11,2018,0.6,27.27,72,1,"ice",0.84,156.2
"564",2017-12-12,2018,0.7,27.28,73,1,"ice",0.83,157.03
"565",2017-12-13,2018,0.6,27.28,74,1,"ice",0.82,157.85
"566",2017-12-14,2018,0.5,27.39,75,1,"ice",0.82,158.67
"567",2017-12-15,2018,0.2,27.43,76,1,"ice",0.82,159.49
"86",2018-09-14,2018,9.5,16.64,349,0,"no ice",3.36,1873.74
"87",2018-09-15,2018,10.6,16.73,350,0,"no ice",3.31,1877.05
"88",2018-09-16,2018,11.2,16.71,351,0,"no ice",3.17,1880.22
"89",2018-09-17,2018,11.7,16.72,352,0,"no ice",3.22,1883.44
"90",2018-09-18,2018,12,16.63,353,0,"no ice",3.29,1886.73
"91",2018-09-19,2018,10.9,16.48,354,0,"no ice",3.29,1890.02
"92",2018-09-20,2018,9.9,16.55,355,0,"no ice",3.25,1893.27
"93",2018-09-21,2018,8.8,16.63,356,0,"no ice",2.95,1896.22
"94",2018-09-22,2018,8.9,16.64,357,0,"no ice",2.73,1898.95
"95",2018-09-23,2018,8.8,16.74,358,0,"no ice",2.6,1901.55
"96",2018-09-24,2018,8,16.79,359,0,"no ice",2.59,1904.14
"97",2018-09-25,2018,6.4,16.87,360,0,"no ice",2.35,1906.49
"98",2018-09-26,2018,6.9,16.94,361,0,"no ice",2.27,1908.76
"99",2018-09-27,2018,5.5,17.07,362,0,"no ice",1.9,1910.66
"100",2018-09-28,2018,6.3,17.13,363,0,"no ice",1.97,1912.63
"101",2018-09-29,2018,6.3,17.23,364,0,"no ice",1.95,1914.58
"102",2018-09-30,2018,6.6,17.25,365,0,"no ice",1.91,1916.49
"568",2018-10-01,2019,6.8,17.38,1,0,"no ice",1.79,1.79
"569",2018-10-02,2019,6.9,17.45,2,0,"no ice",1.83,3.62
"570",2018-10-03,2019,5.8,17.27,3,0,"no ice",1.99,5.61
"571",2018-10-04,2019,3.6,17.36,4,0,"no ice",2.09,7.7
"572",2018-10-05,2019,3.3,17.51,5,0,"no ice",2.31,10.01
"573",2018-10-06,2019,3.6,17.67,6,0,"no ice",2.65,12.66
"574",2018-10-07,2019,3,18.13,7,0,"no ice",2.85,15.51
"575",2018-10-08,2019,2.4,18.7,8,0,"no ice",3.05,18.56
"576",2018-10-09,2019,2.1,19.32,9,0,"no ice",3.14,21.7
"577",2018-10-10,2019,2.2,19.8,10,0,"no ice",3.05,24.75
"578",2018-10-11,2019,2.8,20.37,11,0,"no ice",2.87,27.62
"579",2018-10-12,2019,3.4,20.16,12,0,"no ice",2.81,30.43
"580",2018-10-13,2019,2.9,20.54,13,0,"no ice",2.65,33.08
"581",2018-10-14,2019,2.6,20.79,14,0,"no ice",2.64,35.72
"582",2018-10-15,2019,2.7,21.86,15,0,"no ice",2.49,38.21
"583",2018-10-16,2019,2.5,22.43,16,0,"no ice",2.28,40.49
"584",2018-10-17,2019,2.7,23.05,17,0,"no ice",2.18,42.67
"585",2018-10-18,2019,2.9,23.26,18,0,"no ice",2.17,44.84
"586",2018-10-19,2019,3.3,23.21,19,0,"no ice",2.15,46.99
"587",2018-10-20,2019,3.6,23.13,20,0,"no ice",2.14,49.13
"588",2018-10-21,2019,3.9,23.01,21,0,"no ice",2.18,51.31
"589",2018-10-22,2019,3.9,23.07,22,0,"no ice",2.25,53.56
"590",2018-10-23,2019,3.9,23.16,23,0,"no ice",2.35,55.91
"591",2018-10-24,2019,3.4,NA,24,0,"no ice",2.44,58.35
"592",2018-10-25,2019,3.2,NA,25,0,"no ice",2.4,60.75
"593",2018-10-26,2019,2.9,23.55,26,0,"no ice",2.32,63.07
"594",2018-10-27,2019,2.9,23.49,27,0,"no ice",2.29,65.36
"595",2018-10-28,2019,2.4,23.33,28,0,"no ice",2.24,67.6
"596",2018-10-29,2019,1.8,23.15,29,0,"no ice",2.16,69.76
"597",2018-10-30,2019,1.5,23.09,30,0,"no ice",2.19,71.95
"598",2018-10-31,2019,1.5,23.11,31,0,"no ice",2.24,74.19
"599",2018-11-01,2019,1,23.05,32,0,"no ice",2.05,76.24
"600",2018-11-02,2019,1.5,22.94,33,0,"no ice",2.16,78.4
"601",2018-11-03,2019,0.4,23.29,34,0,"no ice",2.26,80.66
"602",2018-11-04,2019,0.8,23.52,35,0,"no ice",2.16,82.82
"603",2018-11-05,2019,1,23.76,36,0,"no ice",2,84.82
"604",2018-11-06,2019,0.8,24.03,37,0,"no ice",1.91,86.73
"605",2018-11-07,2019,0.5,24.15,38,1,"ice",1.83,88.56
"606",2018-11-08,2019,0.5,24.24,39,1,"ice",1.64,90.2
"607",2018-11-09,2019,0.7,24.37,40,1,"ice",1.4,91.6
"608",2018-11-10,2019,0.8,24.73,41,1,"ice",1.32,92.92
"609",2018-11-11,2019,0.6,24.86,42,1,"ice",1.32,94.24
"610",2018-11-12,2019,0.8,25.3,43,1,"ice",1.32,95.56
"611",2018-11-13,2019,0.8,25.41,44,1,"ice",1.26,96.82
"612",2018-11-14,2019,0.6,25.51,45,1,"ice",1.29,98.11
"613",2018-11-15,2019,0.8,25.47,46,1,"ice",1.22,99.33
"614",2018-11-16,2019,0.8,25.47,47,1,"ice",1.21,100.54
"615",2018-11-17,2019,0.3,25.19,48,1,"ice",1.25,101.79
"616",2018-11-18,2019,0.5,25.02,49,1,"ice",1.29,103.08
"617",2018-11-19,2019,0.6,25.21,50,1,"ice",1.23,104.31
"618",2018-11-20,2019,0.7,25.58,51,1,"ice",1.2,105.51
"619",2018-11-21,2019,0.5,25.8,52,1,"ice",1.16,106.67
"620",2018-11-22,2019,0.3,26,53,1,"ice",1.17,107.84
"621",2018-11-23,2019,0.2,NA,54,1,"ice",1.2,109.04
"622",2018-11-24,2019,0.3,26.92,55,1,"ice",1.36,110.4
"623",2018-11-25,2019,0.3,27.3,56,1,"ice",1.43,111.83
"624",2018-11-26,2019,0.6,27.01,57,1,"ice",1.32,113.15
"625",2018-11-27,2019,0.6,NA,58,1,"ice",1.18,114.33
"626",2018-11-28,2019,0.5,NA,59,1,"ice",1.15,115.48
"627",2018-11-29,2019,0.6,NA,60,1,"ice",1.21,116.69
"628",2018-11-30,2019,0.5,26.5,61,1,"ice",1.23,117.92
"629",2018-12-01,2019,0.6,26.66,62,1,"ice",1.2,119.12
"630",2018-12-02,2019,0.7,26.93,63,1,"ice",1.16,120.28
"631",2018-12-03,2019,0.5,27.12,64,1,"ice",1.15,121.43
"632",2018-12-04,2019,0.5,27.32,65,1,"ice",1.28,122.71
"633",2018-12-05,2019,0.4,27.66,66,1,"ice",1.32,124.03
"634",2018-12-06,2019,0.4,28.39,67,1,"ice",1.38,125.41
"635",2018-12-07,2019,0.4,29.11,68,1,"ice",1.41,126.82
"636",2018-12-08,2019,0.4,29.63,69,1,"ice",1.47,128.29
"637",2018-12-09,2019,0.4,29.96,70,1,"ice",1.47,129.76
"638",2018-12-10,2019,0.4,30.04,71,1,"ice",1.55,131.31
"639",2018-12-11,2019,0.4,30.09,72,1,"ice",1.59,132.9
"640",2018-12-12,2019,0.4,30,73,1,"ice",1.54,134.44
"641",2018-12-13,2019,0.4,29.92,74,1,"ice",1.48,135.92
"642",2018-12-14,2019,0.4,30.23,75,1,"ice",1.44,137.36
"643",2018-12-15,2019,0.4,30.36,76,1,"ice",1.4,138.76
"103",2019-09-14,2019,9.2,15.75,349,0,"no ice",4.89,2399.69
"104",2019-09-15,2019,9.8,16,350,0,"no ice",4.58,2404.27
"105",2019-09-16,2019,9.2,16.33,351,0,"no ice",4.34,2408.61
"106",2019-09-17,2019,8.5,16.43,352,0,"no ice",4.02,2412.63
"107",2019-09-18,2019,8.9,16.49,353,0,"no ice",3.89,2416.52
"108",2019-09-19,2019,9.2,16.65,354,0,"no ice",3.8,2420.32
"109",2019-09-20,2019,7.2,16.82,355,0,"no ice",3.72,2424.04
"110",2019-09-21,2019,6.7,16.91,356,0,"no ice",3.37,2427.41
"111",2019-09-22,2019,6.6,16.9,357,0,"no ice",2.95,2430.36
"112",2019-09-23,2019,6.9,17.03,358,0,"no ice",2.75,2433.11
"113",2019-09-24,2019,7.2,NA,359,0,"no ice",2.48,2435.59
"114",2019-09-25,2019,7.9,17.22,360,0,"no ice",2.08,2437.67
"115",2019-09-26,2019,7.3,17.21,361,0,"no ice",2.01,2439.68
"116",2019-09-27,2019,7.8,17.25,362,0,"no ice",1.95,2441.63
"117",2019-09-28,2019,8.5,17.38,363,0,"no ice",2.6,2444.23
"118",2019-09-29,2019,8.8,17.79,364,0,"no ice",2.75,2446.98
"119",2019-09-30,2019,9.6,18.37,365,0,"no ice",2.79,2449.77
"644",2019-10-01,2020,8.833726743,18.42994038,1,0,"no ice",2.84,2.84
"645",2019-10-02,2020,9.637401785,19.15687,2,0,"no ice",2.57,5.41
"646",2019-10-03,2020,7.793505878,18.57442861,3,0,"no ice",2.26,7.67
"647",2019-10-04,2020,5.601634573,18.50594479,4,0,"no ice",2.24,9.91
"648",2019-10-05,2020,5.950328622,18.6526092,5,0,"no ice",1.86,11.77
"649",2019-10-06,2020,3.380730111,18.90191156,6,0,"no ice",1.76,13.53
"650",2019-10-07,2020,2.615511368,18.98038639,7,0,"no ice",1.63,15.16
"651",2019-10-08,2020,1.900911315,19.30252472,8,0,"no ice",1.61,16.77
"652",2019-10-09,2020,2.098165385,19.38292958,9,0,"no ice",1.62,18.39
"653",2019-10-10,2020,2.979353889,19.36578347,10,0,"no ice",1.71,20.1
"654",2019-10-11,2020,1.826079976,18.57915826,11,0,"no ice",1.66,21.76
"655",2019-10-12,2020,1.526156403,19.94774441,12,0,"no ice",1.39,23.15
"656",2019-10-13,2020,1.16636784,20.25019604,13,0,"no ice",1.28,24.43
"657",2019-10-14,2020,1.167314539,20.48095618,14,0,"no ice",1.19,25.62
"658",2019-10-15,2020,1.183664756,20.6580017,15,0,"no ice",1.13,26.75
"659",2019-10-16,2020,1.324171798,20.77184844,16,0,"no ice",1.08,27.83
"660",2019-10-17,2020,1.457541881,20.8010183,17,0,"no ice",1.1,28.93
"661",2019-10-18,2020,1.667784128,20.78952351,18,0,"no ice",1.06,29.99
"662",2019-10-19,2020,1.131347234,20.8853742,19,0,"no ice",0.85,30.84
"663",2019-10-20,2020,0.149757382,21.28225552,20,0,"no ice",1.02,31.86
"664",2019-10-21,2020,0.004099846,21.39248462,21,0,"no ice",1.05,32.91
"665",2019-10-22,2020,0.06514443,21.61584684,22,0,"no ice",1.02,33.93
"666",2019-10-23,2020,0.132740438,21.80287212,23,0,"no ice",0.96,34.89
"667",2019-10-24,2020,0.313043697,21.75662552,24,0,"no ice",0.99,35.88
"668",2019-11-09,2020,0.9341229,23.90851875,40,1,"ice",0.3,44.87
"669",2019-11-10,2020,1.121749741,24.18309549,41,1,"ice",0.3,45.17
"670",2019-11-11,2020,1.243447065,24.44336663,42,1,"ice",0.31,45.48
"671",2019-11-12,2020,1.104176496,24.91667958,43,1,"ice",0.31,45.79
"672",2019-11-13,2020,0.703418305,24.89469337,44,1,"ice",0.3,46.09
"673",2019-11-14,2020,0.885817848,25.02576007,45,1,"ice",0.31,46.4
"674",2019-11-15,2020,0.99179744,25.42176333,46,1,"ice",0.32,46.72
"675",2019-11-16,2020,1.073143573,25.52290608,47,1,"ice",0.34,47.06
"676",2019-11-17,2020,1.05531542,25.63854483,48,1,"ice",0.37,47.43
"677",2019-11-18,2020,0.665718075,25.86774333,49,1,"ice",0.41,47.84
"678",2019-11-19,2020,0.966258467,25.71887024,50,1,"ice",0.45,48.29
"679",2019-11-20,2020,0.974948474,25.73839146,51,1,"ice",0.54,48.83
"680",2019-11-21,2020,1.199624984,25.59906875,52,1,"ice",0.6,49.43
"681",2019-11-22,2020,1.067777699,25.54293785,53,1,"ice",0.6,50.03
"682",2019-11-23,2020,0.707627819,25.35272372,54,1,"ice",0.55,50.58
"683",2019-11-24,2020,0.496762804,25.13966813,55,1,"ice",0.54,51.12
"684",2019-11-25,2020,0.655529129,24.89746507,56,1,"ice",0.5,51.62
"685",2019-11-26,2020,0.973322133,24.98843163,57,1,"ice",0.66,52.28
"686",2019-11-27,2020,0.847377441,25.12346337,58,1,"ice",0.57,52.85
"687",2019-11-28,2020,0.703950244,25.23618403,59,1,"ice",0.54,53.39
"688",2019-11-29,2020,0.930210766,25.33441646,60,1,"ice",0.51,53.9
"689",2019-11-30,2020,0.698458873,25.41234448,61,1,"ice",0.42,54.32
"690",2019-12-01,2020,0.249135339,25.46296455,62,1,"ice",0.35,54.67
"691",2019-12-02,2020,0.358927296,25.72996361,63,1,"ice",0.33,55
"692",2019-12-03,2020,0.40415403,NA,64,1,"ice",0.34,55.34
"693",2019-12-04,2020,0.372603514,NA,65,1,"ice",0.33,55.67
"694",2019-12-05,2020,0.404504866,NA,66,1,"ice",0.34,56.01
"695",2019-12-06,2020,0.438911543,NA,67,1,"ice",0.35,56.36
"696",2019-12-07,2020,0.34543376,NA,68,1,"ice",0.33,56.69
"697",2019-12-08,2020,0.367629463,NA,69,1,"ice",0.23,56.92
"698",2019-12-09,2020,0.391662063,NA,70,1,"ice",0.23,57.15
"699",2019-12-10,2020,0.377190148,NA,71,1,"ice",0.2,57.35
"700",2019-12-11,2020,0.306434321,NA,72,1,"ice",0.18,57.53
"701",2019-12-12,2020,0.266072493,NA,73,1,"ice",0.24,57.77
"702",2019-12-13,2020,0.272608552,NA,74,1,"ice",0.46,58.23
"703",2019-12-14,2020,0.278288311,28.88358007,75,1,"ice",0.36,58.59
"704",2019-12-15,2020,0.261050543,28.89570955,76,1,"ice",0.36,58.95
"120",2020-09-13,2020,4.109598788,13.29426073,349,0,"no ice",2.97,1690.45
"121",2020-09-14,2020,6.384543594,13.80674313,350,0,"no ice",3.3,1693.75
"122",2020-09-15,2020,7.991067507,14.2329149,351,0,"no ice",3.3,1697.05
"123",2020-09-16,2020,8.690664115,14.69884767,352,0,"no ice",3.25,1700.3
"124",2020-09-17,2020,9.126717253,15.07526403,353,0,"no ice",3.21,1703.51
"125",2020-09-18,2020,9.585647188,15.53476413,354,0,"no ice",3.17,1706.68
"126",2020-09-19,2020,10.05724397,15.92821851,355,0,"no ice",3.09,1709.77
"127",2020-09-20,2020,10.00008354,16.34004306,356,0,"no ice",3.07,1712.84
"128",2020-09-21,2020,9.072855872,16.73350142,357,0,"no ice",3.01,1715.85
"129",2020-09-22,2020,9.271224153,16.93912118,358,0,"no ice",2.94,1718.79
"130",2020-09-23,2020,9.535554688,17.09857066,359,0,"no ice",3,1721.79
"131",2020-09-24,2020,9.529536802,17.57116521,360,0,"no ice",2.95,1724.74
"132",2020-09-25,2020,9.202451403,17.83645792,361,0,"no ice",2.85,1727.59
"133",2020-09-26,2020,8.813877448,18.15592764,362,0,"no ice",2.68,1730.27
"134",2020-09-27,2020,7.956543635,18.31477094,363,0,"no ice",2.62,1732.89
"135",2020-09-28,2020,6.992705361,18.40153872,364,0,"no ice",2.5,1735.39
"136",2020-09-29,2020,5.624948486,18.6501159,365,0,"no ice",2.38,1737.77
"705",2020-10-03,2021,6.001337052,19.10259191,3,0,"no ice",2.08,6.57
"706",2020-10-04,2021,6.396484795,19.09552747,4,0,"no ice",1.98,8.55
"707",2020-10-05,2021,6.568478083,19.18047531,5,0,"no ice",1.54,10.09
"708",2020-10-06,2021,5.604210986,19.78295278,6,0,"no ice",1.54,11.63
"709",2020-10-07,2021,5.383730142,20.48762948,7,0,"no ice",1.6,13.23
"710",2020-10-08,2021,5.932090274,19.84965472,8,0,"no ice",1.58,14.81
"711",2020-10-09,2021,6.248262486,19.94473229,9,0,"no ice",1.55,16.36
"712",2020-10-10,2021,6.217992611,19.57187156,10,0,"no ice",1.51,17.87
"713",2020-10-11,2021,6.720523111,19.53540104,11,0,"no ice",1.37,19.24
"714",2020-10-12,2021,3.42280523,19.39253184,12,0,"no ice",0.97,20.21
"715",2020-10-13,2021,0.531189077,19.51238205,13,0,"no ice",0.69,20.9
"716",2020-10-14,2021,1.100519937,20.03006382,14,0,"no ice",0.83,21.73
"717",2020-10-15,2021,2.142789834,19.80225299,15,0,"no ice",0.86,22.59
"718",2020-10-16,2021,1.163348186,20.05295531,16,0,"no ice",0.78,23.37
"719",2020-10-17,2021,0.418663241,20.53880198,17,0,"no ice",0.91,24.28
"720",2020-10-18,2021,0.132956823,20.51003979,18,0,"no ice",0.94,25.22
"721",2020-10-19,2021,0.289497588,20.53835965,19,0,"no ice",0.95,26.17
"722",2020-10-20,2021,0.560271801,20.42928035,20,0,"no ice",0.83,27
"723",2020-10-21,2021,0.653084329,20.5462191,21,0,"no ice",0.77,27.77
"724",2020-10-22,2021,0.730766398,21.49492427,22,0,"no ice",0.59,28.36
"725",2020-10-23,2021,0.342942459,25.14497875,23,0,"no ice",0.55,28.91
"726",2020-10-24,2021,0.486289018,25.86797441,24,0,"no ice",0.51,29.42
"727",2020-10-25,2021,0.587221562,26.78524274,25,0,"no ice",0.6,30.02
"728",2020-10-26,2021,0.139330332,27.47218302,26,0,"no ice",0.71,30.73
"729",2020-10-27,2021,0.185425656,27.14607451,27,0,"no ice",0.66,31.39
"730",2020-10-28,2021,0.376143249,27.15383712,28,0,"no ice",0.66,32.05
"731",2020-10-29,2021,0.673962044,27.33280247,29,0,"no ice",0.65,32.7
"732",2020-10-30,2021,0.823434419,27.85351344,30,0,"no ice",0.63,33.33
"733",2020-10-31,2021,1.037541687,28.06534795,31,0,"no ice",0.63,33.96
"734",2020-11-01,2021,1.079436954,28.10878372,32,0,"no ice",0.6,34.56
"735",2020-11-02,2021,1.465634463,28.15205229,33,0,"no ice",0.58,35.14
"736",2020-11-03,2021,2.221561899,27.2237825,34,1,"ice",0.56,35.7
"737",2020-11-04,2021,2.880990111,26.16483674,35,1,"ice",0.56,36.26
"738",2020-11-05,2021,2.985237889,26.18724212,36,1,"ice",0.57,36.83
"739",2020-11-06,2021,2.661543194,24.81587233,37,1,"ice",0.58,37.41
"740",2020-11-07,2021,2.644673674,23.07107882,38,1,"ice",0.61,38.02
"741",2020-11-08,2021,2.872959458,22.61956681,39,1,"ice",0.62,38.64
"742",2020-11-09,2021,1.872858594,24.91255243,40,1,"ice",0.62,39.26
"743",2020-11-10,2021,1.580545666,23.60816306,41,1,"ice",0.63,39.89
"744",2020-11-11,2021,0.681874275,24.58440479,42,1,"ice",0.59,40.48
"745",2020-11-12,2021,1.458518563,25.2774674,43,1,"ice",0.58,41.06
"746",2020-11-13,2021,0.95021164,25.73913059,44,1,"ice",0.39,41.45
"747",2020-11-14,2021,0.97344081,27.01006545,45,1,"ice",0.48,41.93
"748",2020-11-15,2021,0.771141918,27.13085358,46,1,"ice",0.39,42.32
"749",2020-11-16,2021,0.682851417,27.73815233,47,1,"ice",0.33,42.65
"750",2020-11-17,2021,1.183551535,28.13050903,48,1,"ice",0.31,42.96
"751",2020-11-18,2021,1.387561701,28.19722215,49,1,"ice",0.29,43.25
"752",2020-11-19,2021,1.567803722,27.67127656,50,1,"ice",0.28,43.53
"753",2020-11-20,2021,1.62304124,27.80672601,51,1,"ice",0.27,43.8
"754",2020-11-21,2021,1.468985149,27.64953094,52,1,"ice",0.24,44.04
"755",2020-11-22,2021,1.27319848,27.31270976,53,1,"ice",0.23,44.27
"756",2020-11-23,2021,1.112196107,27.50281691,54,1,"ice",0.23,44.5
"757",2020-11-24,2021,1.732744743,25.9619774,55,1,"ice",0.25,44.75
"758",2020-11-25,2021,1.177469146,24.26611601,56,1,"ice",0.2,44.95
"759",2020-11-26,2021,0.756011942,24.57554868,57,1,"ice",0.16,45.11
"760",2020-11-27,2021,1.647349774,27.24830934,58,1,"ice",0.15,45.26
"761",2020-11-28,2021,1.532159868,28.29865497,59,1,"ice",0.14,45.4
"762",2020-11-29,2021,1.688627479,28.25435983,60,1,"ice",0.13,45.53
"763",2020-11-30,2021,1.544692167,28.4028325,61,1,"ice",0.13,45.66
"764",2020-12-01,2021,1.03985701,28.65431649,62,1,"ice",0.12,45.78
"765",2020-12-02,2021,1.155685534,29.25985615,63,1,"ice",0.11,45.89
"766",2020-12-03,2021,1.143822591,29.49351542,64,1,"ice",0.11,46
"767",2020-12-04,2021,0.866502972,30.77071406,65,1,"ice",0.12,46.12
"768",2020-12-05,2021,0.773550782,31.22078556,66,1,"ice",0.12,46.24
"769",2020-12-06,2021,0.636030627,31.85070083,67,1,"ice",0.12,46.36
"770",2020-12-07,2021,0.539560531,32.34269309,68,1,"ice",0.11,46.47
"771",2020-12-08,2021,0.481948856,32.61579472,69,1,"ice",0.11,46.58
"772",2020-12-09,2021,0.383361501,32.93252073,70,1,"ice",0.1,46.68
"773",2020-12-10,2021,0.341830252,33.24511819,71,1,"ice",0.1,46.78
"774",2020-12-11,2021,0.475571527,33.38399205,72,1,"ice",0.1,46.88
"775",2020-12-12,2021,0.474104351,33.06087281,73,1,"ice",0.11,46.99
"776",2020-12-13,2021,0.267972096,32.64419014,74,1,"ice",0.14,47.13
"777",2020-12-14,2021,0.270872006,33.16875698,75,1,"ice",0.09,47.22
"778",2020-12-15,2021,0.364533736,32.65449035,76,1,"ice",0.11,47.33
"137",2021-09-14,2021,10.98315604,16.86998941,349,0,"no ice",3.28,1931.37
"138",2021-09-15,2021,11.14408915,16.98343628,350,0,"no ice",2.99,1934.36
"139",2021-09-16,2021,10.60788947,NA,351,0,"no ice",2.97,1937.33
"140",2021-09-17,2021,10.53111374,16.75817639,352,0,"no ice",2.92,1940.25
"141",2021-09-18,2021,10.85653497,16.87551934,353,0,"no ice",2.77,1943.02
"142",2021-09-19,2021,10.65125672,16.96703333,354,0,"no ice",2.41,1945.43
"143",2021-09-20,2021,9.613555094,16.92883188,355,0,"no ice",2.67,1948.1
"144",2021-09-21,2021,7.776414549,16.85397014,356,0,"no ice",2.69,1950.79
"145",2021-09-22,2021,6.989150031,17.10959618,357,0,"no ice",2.58,1953.37
"146",2021-09-23,2021,6.914331458,17.36315149,358,0,"no ice",2.54,1955.91
"147",2021-09-24,2021,7.394937906,17.51436649,359,0,"no ice",2.44,1958.35
"148",2021-09-25,2021,8.478666003,17.59823771,360,0,"no ice",2.3,1960.65
"149",2021-09-26,2021,9.027477771,17.64141545,361,0,"no ice",2.15,1962.8
"150",2021-09-27,2021,9.160979549,17.76164535,362,0,"no ice",2.11,1964.91
"151",2021-09-28,2021,9.823294799,17.77735188,363,0,"no ice",2.15,1967.06
"152",2021-09-29,2021,9.098196618,17.91451639,364,0,"no ice",2.38,1969.44
"153",2021-09-30,2021,7.761866976,18.0520059,365,0,"no ice",2.44,1971.88
"779",2021-10-01,2022,7.378148486,18.17090788,1,0,"no ice",2.46,2.46
"780",2021-10-02,2022,6.672855378,18.40138056,2,0,"no ice",2.46,4.92
"781",2021-10-03,2022,6.425702715,18.51996632,3,0,"no ice",2.44,7.36
"782",2021-10-04,2022,6.859136167,18.80306403,4,0,"no ice",2.41,9.77
"783",2021-10-05,2022,7.490668865,19.01718028,5,0,"no ice",2.4,12.17
"784",2021-10-06,2022,8.117952191,19.18167705,6,0,"no ice",2.28,14.45
"785",2021-10-07,2022,8.031565948,19.36445476,7,0,"no ice",2.06,16.51
"786",2021-10-08,2022,6.902043677,19.63801219,8,0,"no ice",2.02,18.53
"787",2021-10-10,2022,4.810196226,19.87044014,10,0,"no ice",1.92,22.55
"788",2021-10-11,2022,2.437156059,20.31310257,11,0,"no ice",1.88,24.43
"789",2021-10-12,2022,2.06826113,20.72493413,12,0,"no ice",1.97,26.4
"790",2021-10-13,2022,2.036354134,20.77311472,13,0,"no ice",1.74,28.14
"791",2021-10-14,2022,0.17489921,21.19124003,14,0,"no ice",1.75,29.89
"792",2021-10-15,2022,0.116984687,21.47534979,15,0,"no ice",1.79,31.68
"793",2021-10-16,2022,0.237651609,21.71058222,16,0,"no ice",1.77,33.45
"794",2021-10-17,2022,0.747292206,22.37983566,17,0,"no ice",1.78,35.23
"795",2021-10-18,2022,1.644753764,22.76453458,18,0,"no ice",1.76,36.99
"796",2021-10-19,2022,2.87443924,22.6321942,19,0,"no ice",1.69,38.68
"797",2021-10-20,2022,3.318598313,22.63917063,20,0,"no ice",1.67,40.35
"798",2021-10-21,2022,3.354948382,22.90803917,21,0,"no ice",1.66,42.01
"799",2021-10-22,2022,3.801163052,23.00176431,22,0,"no ice",1.61,43.62
"800",2021-10-23,2022,3.775127045,23.13409038,23,0,"no ice",1.48,45.1
"801",2021-10-24,2022,2.651672226,22.79118503,24,0,"no ice",1.47,46.57
"802",2021-10-25,2022,1.266603602,22.58994403,25,0,"no ice",1.33,47.9
"803",2021-10-26,2022,1.546084539,22.51541146,26,0,"no ice",1.32,49.22
"804",2021-10-27,2022,0.799957385,22.3162424,27,0,"no ice",1.32,50.54
"805",2021-10-28,2022,0.111876702,22.58030559,28,0,"no ice",1.35,51.89
"806",2021-10-29,2022,0.154164219,22.79057174,29,0,"no ice",1.27,53.16
"807",2021-10-30,2022,0.373925857,22.81415601,30,0,"no ice",1.19,54.35
"808",2021-10-31,2022,0.553857586,22.97577462,31,0,"no ice",1.14,55.49
"809",2021-11-01,2022,0.739005412,22.98253326,32,0,"no ice",1.2,56.69
"810",2021-11-02,2022,0.811119726,23.00502448,33,0,"no ice",1.22,57.91
"811",2021-11-03,2022,0.863243821,23.03945681,34,0,"no ice",1.21,59.12
"812",2021-11-04,2022,0.903181722,23.12386837,35,0,"no ice",1.11,60.23
"813",2021-11-05,2022,0.952479253,23.2201575,36,0,"no ice",1.04,61.27
"814",2021-11-06,2022,1.237401881,23.18154396,37,0,"no ice",0.98,62.25
"815",2021-11-07,2022,1.35105624,23.28898031,38,0,"no ice",0.87,63.12
"816",2021-11-08,2022,1.347587156,23.29022771,39,0,"no ice",0.83,63.95
"817",2021-11-09,2022,1.479217222,23.45076153,40,0,"no ice",0.82,64.77
"818",2021-11-10,2022,1.364815469,23.55339132,41,0,"no ice",0.79,65.56
"819",2021-11-11,2022,0.861854453,23.60967399,42,1,"ice",0.82,66.38
"820",2021-11-12,2022,0.204980325,23.85618615,43,1,"ice",0.85,67.23
"821",2021-11-13,2022,0.097509489,23.84598184,44,1,"ice",0.72,67.95
"822",2021-11-14,2022,0.20071686,23.90267802,45,1,"ice",0.71,68.66
"823",2021-11-15,2022,0.240847911,23.97816125,46,1,"ice",0.7,69.36
"824",2021-11-16,2022,0.326420365,24.07620774,47,1,"ice",0.66,70.02
"825",2021-11-17,2022,0.332178639,24.20603076,48,1,"ice",0.64,70.66
"826",2021-11-18,2022,0.203884337,24.4366251,49,1,"ice",0.59,71.25
"827",2021-11-19,2022,0.100101476,24.91286427,50,1,"ice",0.53,71.78
"828",2021-11-20,2022,0.134173923,25.0875401,51,1,"ice",0.5,72.28
"829",2021-11-21,2022,0.20795198,25.2730801,52,1,"ice",0.55,72.83
"830",2021-11-22,2022,0.177454531,25.35193969,53,1,"ice",0.47,73.3
"831",2021-11-23,2022,0.350225547,25.88593698,54,1,"ice",0.42,73.72
"832",2021-11-24,2022,0.460601169,26.34601576,55,1,"ice",0.42,74.14
"833",2021-11-25,2022,0.533202808,26.64333826,56,1,"ice",0.39,74.53
"834",2021-11-26,2022,0.335876676,26.38771174,57,1,"ice",0.36,74.89
"835",2021-11-27,2022,0.679772378,26.51416625,58,1,"ice",0.35,75.24
"836",2021-11-28,2022,0.790538689,26.84910976,59,1,"ice",0.35,75.59
"837",2021-11-29,2022,0.83696831,27.11136878,60,1,"ice",0.35,75.94
"838",2021-11-30,2022,1.028457439,27.31365503,61,1,"ice",0.35,76.29
"839",2021-12-01,2022,0.781698752,NA,62,1,"ice",0.34,76.63
"840",2021-12-02,2022,0.823300457,NA,63,1,"ice",0.34,76.97
"841",2021-12-03,2022,0.998982859,28.32389243,64,1,"ice",0.35,77.32
"842",2021-12-04,2022,1.025545347,28.56350389,65,1,"ice",0.34,77.66
"843",2021-12-05,2022,0.796892484,28.72253059,66,1,"ice",0.31,77.97
"844",2021-12-06,2022,0.452967319,NA,67,1,"ice",0.3,78.27
"845",2021-12-07,2022,0.190723208,NA,68,1,"ice",0.31,78.58
"846",2021-12-08,2022,0.347154405,NA,69,1,"ice",0.26,78.84
"847",2021-12-09,2022,0.39769925,NA,70,1,"ice",0.27,79.11
"848",2021-12-10,2022,0.508880199,29.65828368,71,1,"ice",0.31,79.42
"849",2021-12-11,2022,0.301380687,29.40557535,72,1,"ice",0.28,79.7
"850",2021-12-12,2022,0.239711021,28.32883118,73,1,"ice",0.27,79.97
"851",2021-12-13,2022,0.561759092,28.9454299,74,1,"ice",0.21,80.18
"852",2021-12-14,2022,0.699803673,29.86509788,75,1,"ice",0.19,80.37
"853",2021-12-15,2022,0.748677352,29.94442969,76,1,"ice",0.17,80.54
"154",2022-09-14,2022,10.55480101,19.91907792,349,0,"no ice",3.32,1927.34
"155",2022-09-15,2022,10.11037916,20.14382472,350,0,"no ice",3.37,1930.71
"156",2022-09-16,2022,9.25738949,20.41762038,351,0,"no ice",3.6,1934.31
"157",2022-09-17,2022,7.927826819,20.58718507,352,0,"no ice",3.97,1938.28
"158",2022-09-18,2022,8.015687552,20.72860483,353,0,"no ice",4,1942.28
"159",2022-09-19,2022,9.022042372,20.86610718,354,0,"no ice",3.88,1946.16
"160",2022-09-20,2022,9.630717431,21.2668849,355,0,"no ice",3.81,1949.97
"161",2022-09-21,2022,10.21376339,21.51034237,356,0,"no ice",3.81,1953.78
"162",2022-09-22,2022,9.733744878,21.87554749,357,0,"no ice",3.76,1957.54
"163",2022-09-23,2022,9.025331632,21.97843323,358,0,"no ice",3.08,1960.62
"164",2022-09-24,2022,7.74651466,22.22051193,359,0,"no ice",2.75,1963.37
"165",2022-09-25,2022,6.905414688,22.29327951,360,0,"no ice",3.01,1966.38
"166",2022-09-26,2022,7.883592837,22.51157393,361,0,"no ice",3.11,1969.49
"167",2022-09-27,2022,9.120777299,22.63310408,362,0,"no ice",2.98,1972.47
"168",2022-09-28,2022,9.526392045,22.73960257,363,0,"no ice",2.79,1975.26
"169",2022-09-29,2022,9.462219962,22.96572466,364,0,"no ice",2.44,1977.7
"170",2022-09-30,2022,8.880603726,22.87142704,365,0,"no ice",2.53,1980.23
"854",2022-10-01,2023,7.88709975,23.03379545,1,0,"no ice",3.24,3.24
"855",2022-10-02,2023,7.082013455,23.72481512,2,0,"no ice",3.62,6.86
"856",2022-10-03,2023,6.497570851,23.69424332,3,0,"no ice",3.84,10.7
"857",2022-10-04,2023,6.134354594,22.91524823,4,0,"no ice",4.23,14.93
"858",2022-10-05,2023,5.760789771,21.67189838,5,0,"no ice",4.3,19.23
"859",2022-10-06,2023,5.909841434,21.83718156,6,0,"no ice",4.11,23.34
"860",2022-10-07,2023,6.333617431,22.74161976,7,0,"no ice",3.83,27.17
"861",2022-10-08,2023,6.282026594,24.15773005,8,0,"no ice",3.64,30.81
"862",2022-10-09,2023,5.881254014,25.32287923,9,0,"no ice",3.42,34.23
"863",2022-10-10,2023,5.745350417,26.44196563,10,0,"no ice",3.04,37.27
"864",2022-10-11,2023,5.627475847,26.91674901,11,0,"no ice",2.15,39.42
"865",2022-10-12,2023,3.735431042,26.31035309,12,0,"no ice",2.09,41.51
"866",2022-10-13,2023,2.998842253,26.05277661,13,0,"no ice",2.34,43.85
"867",2022-10-14,2023,3.239953378,26.15486667,14,0,"no ice",2.35,46.2
"868",2022-10-15,2023,2.931729087,26.43971215,15,0,"no ice",2.31,48.51
"869",2022-10-16,2023,2.980034229,26.62457767,16,0,"no ice",2.25,50.76
"870",2022-10-17,2023,4.036374278,26.57059861,17,0,"no ice",2.12,52.88
"871",2022-10-18,2023,4.115937646,26.61955792,18,0,"no ice",1.91,54.79
"872",2022-10-19,2023,4.011076007,26.62939174,19,0,"no ice",1.72,56.51
"873",2022-10-20,2023,4.149140757,26.65490111,20,0,"no ice",1.68,58.19
"874",2022-10-21,2023,3.668297337,26.66944816,21,0,"no ice",1.5,59.69
"875",2022-10-22,2023,2.696600705,26.80027177,22,0,"no ice",1.14,60.83
"876",2022-10-23,2023,1.467119924,26.98688372,23,0,"no ice",1.19,62.02
"877",2022-10-24,2023,1.010902448,27.05185444,24,0,"no ice",1.2,63.22
"878",2022-10-25,2023,0.125354555,27.73414813,25,0,"no ice",1.1,64.32
"879",2022-10-26,2023,0.460407468,28.64611545,26,0,"no ice",1.1,65.42
"880",2022-10-27,2023,0.768215494,29.39385226,27,0,"no ice",1.26,66.68
"881",2022-10-28,2023,0.81835713,29.73280365,28,0,"no ice",1.27,67.95
"882",2022-10-29,2023,0.867684905,29.89057313,29,0,"no ice",1.22,69.17
"883",2022-10-30,2023,1.134416508,30.3013008,30,0,"no ice",1.18,70.35
"884",2022-10-31,2023,1.527318354,30.22094205,31,1,"ice",1.09,71.44
"885",2022-11-01,2023,1.738022146,29.96326972,32,1,"ice",0.98,72.42
"886",2022-11-02,2023,2.489773087,29.79216625,33,1,"ice",0.9,73.32
"887",2022-11-03,2023,2.853717191,29.78467938,34,1,"ice",0.95,74.27
"888",2022-11-04,2023,2.706933285,29.74517785,35,1,"ice",1.02,75.29
"889",2022-11-05,2023,1.42493766,29.4850509,36,1,"ice",0.84,76.13
"890",2022-11-06,2023,1.259907586,29.50455038,37,1,"ice",0.89,77.02
"891",2022-11-07,2023,2.153780139,29.92237385,38,1,"ice",0.83,77.85
"892",2022-11-08,2023,2.227969024,30.03609844,39,1,"ice",0.8,78.65
"893",2022-11-09,2023,2.129315701,30.1221009,40,1,"ice",0.77,79.42
"894",2022-11-10,2023,1.835033622,30.12753222,41,1,"ice",0.81,80.23
"895",2022-11-11,2023,1.302941181,29.98108236,42,1,"ice",0.7,80.93
"896",2022-11-12,2023,0.930772978,29.99148615,43,1,"ice",0.64,81.57
"897",2022-11-13,2023,1.526662522,30.22646944,44,1,"ice",0.64,82.21
"898",2022-11-14,2023,1.473181191,30.55376622,45,1,"ice",0.64,82.85
"899",2022-11-15,2023,1.541632462,30.73681354,46,1,"ice",0.61,83.46
"900",2022-11-16,2023,1.127930972,31.17131163,47,1,"ice",0.56,84.02
"901",2022-11-17,2023,0.881802257,31.22775396,48,1,"ice",0.56,84.58
"902",2022-11-18,2023,0.866055451,31.50453882,49,1,"ice",0.6,85.18
"903",2022-11-19,2023,0.815876043,32.04862382,50,1,"ice",0.51,85.69
"904",2022-11-20,2023,0.786556457,32.07514531,51,1,"ice",0.45,86.14
"905",2022-11-21,2023,0.732406288,31.56897875,52,1,"ice",0.39,86.53
"906",2022-11-22,2023,1.317357906,31.7697641,53,1,"ice",0.36,86.89
"907",2022-11-23,2023,1.391950986,NA,54,1,"ice",0.35,87.24
"908",2022-11-24,2023,1.331389813,31.89245937,55,1,"ice",0.34,87.58
"909",2022-11-25,2023,1.547926698,32.08650615,56,1,"ice",0.34,87.92
"910",2022-11-26,2023,1.622391378,32.32227059,57,1,"ice",0.35,88.27
"911",2022-11-27,2023,1.566264274,32.56571556,58,1,"ice",0.37,88.64
"912",2022-11-28,2023,0.92746586,32.11552372,59,1,"ice",0.32,88.96
"913",2022-11-29,2023,1.312932294,32.2150825,60,1,"ice",0.4,89.36
"914",2022-11-30,2023,0.898840262,32.76569747,61,1,"ice",0.36,89.72
"915",2022-12-01,2023,0.603811048,33.82933188,62,1,"ice",0.33,90.05
"916",2022-12-02,2023,0.943877546,33.99812712,63,1,"ice",0.29,90.34
"917",2022-12-03,2023,0.978007365,33.88055135,64,1,"ice",0.26,90.6
"918",2022-12-04,2023,0.739522933,NA,65,1,"ice",0.28,90.88
"919",2022-12-05,2023,0.681130094,34.81100971,66,1,"ice",0.28,91.16
"920",2022-12-06,2023,0.655325677,34.60899705,67,1,"ice",0.3,91.46
"921",2022-12-07,2023,0.648300275,34.56097003,68,1,"ice",0.26,91.72
"922",2022-12-08,2023,0.460013708,34.27669198,69,1,"ice",0.27,91.99
"923",2022-12-09,2023,0.285489503,33.73346063,70,1,"ice",0.24,92.23
"924",2022-12-10,2023,0.456767198,33.23674771,71,1,"ice",0.2,92.43
"925",2022-12-11,2023,0.613041667,33.18958333,72,1,"ice",0.17,92.6
"926",2022-12-12,2023,0.712270833,33.36625,73,1,"ice",0.17,92.77
"927",2022-12-13,2023,0.765041667,33.41125,74,1,"ice",0.18,92.95
"928",2022-12-14,2023,0.567291667,33.14333333,75,1,"ice",0.18,93.13
"929",2022-12-15,2023,0.507770833,33.094375,76,1,"ice",0.21,93.34
"171",2023-09-14,2023,9.809225569,16.71078188,349,0,"no ice",4.01,2118.58
"172",2023-09-15,2023,9.313369517,16.90623788,350,0,"no ice",3.96,2122.54
"173",2023-09-16,2023,8.691581684,17.25378326,351,0,"no ice",3.77,2126.31
"174",2023-09-17,2023,8.544036924,17.46110253,352,0,"no ice",3.58,2129.89
"175",2023-09-18,2023,9.329100674,17.72267465,353,0,"no ice",3.38,2133.27
"176",2023-09-19,2023,9.005331042,17.89165354,354,0,"no ice",3.25,2136.52
"177",2023-09-20,2023,8.032400757,18.05601219,355,0,"no ice",3.21,2139.73
"178",2023-09-21,2023,8.023587694,18.21750028,356,0,"no ice",3.1,2142.83
"179",2023-09-22,2023,8.71401433,18.26751115,357,0,"no ice",2.98,2145.81
"180",2023-09-23,2023,8.848397111,18.41381309,358,0,"no ice",2.63,2148.44
"181",2023-09-24,2023,7.059974736,18.64499236,359,0,"no ice",2.41,2150.85
"182",2023-09-25,2023,6.171261753,18.7527092,360,0,"no ice",2.37,2153.22
"183",2023-09-26,2023,7.131257924,18.90515441,361,0,"no ice",2.3,2155.52
"184",2023-09-27,2023,8.174521639,19.0026367,362,0,"no ice",2.15,2157.67
"185",2023-09-28,2023,8.712447653,19.07807604,363,0,"no ice",2.14,2159.81
"186",2023-09-29,2023,8.791793212,19.19284632,364,0,"no ice",2.02,2161.83
"187",2023-09-30,2023,8.453445972,19.22777267,365,0,"no ice",1.95,2163.78
"930",2023-10-01,2024,8.546778017,19.28592125,1,0,"no ice",1.8,1.8
"931",2023-10-02,2024,8.422924333,19.48353066,2,0,"no ice",1.79,3.59
"932",2023-10-03,2024,7.869165427,19.52606333,3,0,"no ice",1.85,5.44
"933",2023-10-04,2024,4.659841639,19.52724979,4,0,"no ice",1.77,7.21
"934",2023-10-05,2024,3.74432574,19.70686413,5,0,"no ice",1.73,8.94
"935",2023-10-06,2024,4.207321365,19.9299767,6,0,"no ice",1.75,10.69
"936",2023-10-07,2024,4.403955861,20.04673875,7,0,"no ice",1.77,12.46
"937",2023-10-08,2024,5.066394191,20.17206684,8,0,"no ice",1.72,14.18
"938",2023-10-09,2024,5.639528222,20.27396823,9,0,"no ice",1.67,15.85
"939",2023-10-10,2024,5.877077063,20.35862205,10,0,"no ice",1.61,17.46
"940",2023-10-11,2024,5.876653927,20.14654767,11,0,"no ice",1.58,19.04
"941",2023-10-12,2024,4.965356535,20.00270413,12,0,"no ice",1.54,20.58
"942",2023-10-13,2024,2.470723997,19.8507758,13,0,"no ice",1.4,21.98
"943",2023-10-14,2024,0.855278446,19.93321111,14,0,"no ice",1.29,23.27
"944",2023-10-15,2024,0.73939873,20.11631694,15,0,"no ice",1.29,24.56
"945",2023-10-16,2024,1.339178715,20.24828583,16,0,"no ice",1.35,25.91
"946",2023-10-17,2024,2.709931663,20.28419017,17,0,"no ice",1.33,27.24
"947",2023-10-18,2024,3.813971726,20.28031,18,0,"no ice",1.22,28.46
"948",2023-10-19,2024,3.194478222,20.35966833,19,0,"no ice",1.21,29.67
"949",2023-10-20,2024,3.704359017,20.44639743,20,0,"no ice",1.18,30.85
"950",2023-10-21,2024,3.858276385,20.54983198,21,0,"no ice",1.16,32.01
"951",2023-10-22,2024,4.170231549,20.60624927,22,0,"no ice",1.11,33.12
"952",2023-10-23,2024,4.618929743,20.52497042,23,0,"no ice",1.06,34.18
"953",2023-10-24,2024,4.438264233,20.34105615,24,0,"no ice",1.01,35.19
"954",2023-10-25,2024,4.067014153,20.45358538,25,0,"no ice",0.95,36.14
"955",2023-10-26,2024,3.32711709,20.34158924,26,0,"no ice",0.88,37.02
"956",2023-10-27,2024,1.907965239,20.51991934,27,0,"no ice",0.82,37.84
"957",2023-10-28,2024,0.564697802,20.73341108,28,0,"no ice",0.85,38.69
"958",2023-10-29,2024,0.182054315,21.07600316,29,0,"no ice",0.94,39.63
"959",2023-10-30,2024,0.22717148,21.16049271,30,0,"no ice",0.95,40.58
"960",2023-10-31,2024,0.321436147,21.24995826,31,1,"ice",0.92,41.5
"961",2023-11-01,2024,0.597803436,21.4934791,32,1,"ice",0.86,42.36
"962",2023-11-02,2024,0.906659537,22.37193819,33,1,"ice",0.8,43.16
"963",2023-11-03,2024,0.986262911,23.12184042,34,1,"ice",0.73,43.89
"964",2023-11-04,2024,1.329951074,23.46562778,35,1,"ice",0.7,44.59
"965",2023-11-05,2024,1.42711726,24.02202267,36,1,"ice",0.64,45.23
"966",2023-11-06,2024,1.553458455,24.65576851,37,1,"ice",0.61,45.84
"967",2023-11-07,2024,1.599816236,24.98186927,38,1,"ice",0.61,46.45
"968",2023-11-08,2024,1.681946222,24.90463809,39,1,"ice",0.65,47.1
"969",2023-11-09,2024,1.519546159,24.54463434,40,1,"ice",0.64,47.74
"970",2023-11-10,2024,1.104692969,24.15984243,41,1,"ice",0.56,48.3
"971",2023-11-11,2024,0.924348194,23.97928976,42,1,"ice",0.48,48.78
"972",2023-11-12,2024,0.922274793,24.1738426,43,1,"ice",0.41,49.19
"973",2023-11-13,2024,1.201321631,24.5967395,44,1,"ice",0.4,49.59
"974",2023-11-14,2024,1.366709608,24.90523591,45,1,"ice",0.37,49.96
"975",2023-11-15,2024,1.206079142,25.18749111,46,1,"ice",0.36,50.32
"976",2023-11-16,2024,1.422505538,25.46504336,47,1,"ice",0.37,50.69
"977",2023-11-17,2024,1.270784635,25.54987911,48,1,"ice",0.33,51.02
"978",2023-11-18,2024,1.143640792,25.23129684,49,1,"ice",0.31,51.33
"979",2023-11-19,2024,1.329121238,25.66268608,50,1,"ice",0.34,51.67
"980",2023-11-20,2024,1.494499063,25.90059319,51,1,"ice",0.32,51.99
"981",2023-11-21,2024,1.452270651,26.20841274,52,1,"ice",0.31,52.3
"982",2023-11-22,2024,1.020181204,26.36757365,53,1,"ice",0.3,52.6
"983",2023-11-23,2024,0.838029656,26.04625017,54,1,"ice",0.29,52.89
"984",2023-11-24,2024,1.110221148,25.70683521,55,1,"ice",0.31,53.2
"985",2023-11-25,2024,1.190172221,26.02762075,56,1,"ice",0.33,53.53
"986",2023-11-26,2024,0.88604959,26.40233334,57,1,"ice",0.3,53.83
"987",2023-11-27,2024,0.405345487,26.16874303,58,1,"ice",0.23,54.06
"988",2023-11-28,2024,0.005709966,NA,59,1,"ice",0.18,54.24
"989",2023-11-29,2024,0.042370693,NA,60,1,"ice",0.18,54.42
"990",2023-11-30,2024,0,NA,61,1,"ice",0.19,54.61
"991",2023-12-01,2024,0.008546617,NA,62,1,"ice",0.23,54.84
"992",2023-12-02,2024,0.205915989,NA,63,1,"ice",0.24,55.08
"993",2023-12-03,2024,0.093178961,NA,64,1,"ice",0.28,55.36
"994",2023-12-07,2024,0.08683216,NA,68,1,"ice",0.15,56.18
"995",2023-12-09,2024,0.153125,NA,70,1,"ice",0.14,56.47
